{
  "type": "FeatureCollection",
  "features": [
    {
      "type": "Feature",
      "properties": {
        "amenity": "pharmacy",
        "healthcare": "pharmacy",
        "name": "Vihan Medico",
        "_osm_type": "node",
        "_osm_id": 544510422,
        "_source": "OpenStreetMap contributors via Overpass API (https://overpass-api.de/api/interpreter)",
        "_fetched_at": "2026-07-07T07:27:58Z",
        "_status": "ok",
        "_note": "Overpass bbox query, 312 raw elements (310 node/way features kept). 2 relation(s) skipped (multipolygon reconstruction not implemented) -- see osm_ids [8800378, 20982995]."
      },
      "geometry": {
        "type": "Point",
        "coordinates": [
          77.2145726,
          28.534559
        ]
      }
    },
    {
      "type": "Feature",
      "properties": {
        "amenity": "pharmacy",
        "healthcare": "pharmacy",
        "name": "Sree Durga Chemist",
        "_osm_type": "node",
        "_osm_id": 544510424,
        "_source": "OpenStreetMap contributors via Overpass API (https://overpass-api.de/api/interpreter)",
        "_fetched_at": "2026-07-07T07:27:58Z",
        "_status": "ok",
        "_note": "Overpass bbox query, 312 raw elements (310 node/way features kept). 2 relation(s) skipped (multipolygon reconstruction not implemented) -- see osm_ids [8800378, 20982995]."
      },
      "geometry": {
        "type": "Point",
        "coordinates": [
          77.215931,
          28.5321445
        ]
      }
    },
    {
      "type": "Feature",
      "properties": {
        "amenity": "public_building",
        "name": "Sarvapriya Club",
        "_osm_type": "node",
        "_osm_id": 1024317371,
        "_source": "OpenStreetMap contributors via Overpass API (https://overpass-api.de/api/interpreter)",
        "_fetched_at": "2026-07-07T07:27:58Z",
        "_status": "ok",
        "_note": "Overpass bbox query, 312 raw elements (310 node/way features kept). 2 relation(s) skipped (multipolygon reconstruction not implemented) -- see osm_ids [8800378, 20982995]."
      },
      "geometry": {
        "type": "Point",
        "coordinates": [
          77.2067375,
          28.541784
        ]
      }
    },
    {
      "type": "Feature",
      "properties": {
        "amenity": "marketplace",
        "designation": "Green Park Market, Green Park, New Delhi, India",
        "name": "Green Park Market",
        "opening_hours": "Tu off",
        "source": "Survey",
        "_osm_type": "node",
        "_osm_id": 1831954639,
        "_source": "OpenStreetMap contributors via Overpass API (https://overpass-api.de/api/interpreter)",
        "_fetched_at": "2026-07-07T07:27:58Z",
        "_status": "ok",
        "_note": "Overpass bbox query, 312 raw elements (310 node/way features kept). 2 relation(s) skipped (multipolygon reconstruction not implemented) -- see osm_ids [8800378, 20982995]."
      },
      "geometry": {
        "type": "Point",
        "coordinates": [
          77.2021428,
          28.5556739
        ]
      }
    },
    {
      "type": "Feature",
      "properties": {
        "amenity": "police",
        "fax": "+91-11-2669-1863",
        "name": "Police Station Malviya Nagar",
        "note": "Contributors are requested to not edit the \"operator\", \"operator:en\", \"operator:hi\", \"operator:ur\" and \"operator:wikidata\" tags. (2025/02/18)",
        "operator": "Delhi Police",
        "operator:en": "Delhi Police",
        "operator:hi": "\u0926\u093f\u0932\u094d\u0932\u0940 \u092a\u0941\u0932\u093f\u0938",
        "operator:ur": "\u062f\u06c1\u0644\u06cc \u067e\u0648\u0644\u06cc\u0633",
        "operator:wikidata": "Q3764926",
        "phone": "+91-11-2669-1861;+91-11-2669-1862",
        "_osm_type": "node",
        "_osm_id": 2004001910,
        "_source": "OpenStreetMap contributors via Overpass API (https://overpass-api.de/api/interpreter)",
        "_fetched_at": "2026-07-07T07:27:58Z",
        "_status": "ok",
        "_note": "Overpass bbox query, 312 raw elements (310 node/way features kept). 2 relation(s) skipped (multipolygon reconstruction not implemented) -- see osm_ids [8800378, 20982995]."
      },
      "geometry": {
        "type": "Point",
        "coordinates": [
          77.2045562,
          28.5306718
        ]
      }
    },
    {
      "type": "Feature",
      "properties": {
        "amenity": "community_centre",
        "name": "Gulmohar club",
        "_osm_type": "node",
        "_osm_id": 2295400214,
        "_source": "OpenStreetMap contributors via Overpass API (https://overpass-api.de/api/interpreter)",
        "_fetched_at": "2026-07-07T07:27:58Z",
        "_status": "ok",
        "_note": "Overpass bbox query, 312 raw elements (310 node/way features kept). 2 relation(s) skipped (multipolygon reconstruction not implemented) -- see osm_ids [8800378, 20982995]."
      },
      "geometry": {
        "type": "Point",
        "coordinates": [
          77.2119665,
          28.5578099
        ]
      }
    },
    {
      "type": "Feature",
      "properties": {
        "addr:city": "New Delhi",
        "addr:housenumber": "B-1/12",
        "addr:postcode": "110029",
        "addr:street": "Safdarjung Enclave",
        "amenity": "hospital",
        "name": "Goyal MRI & Diagnostic Centre",
        "phone": "+91-11-40771234",
        "_osm_type": "node",
        "_osm_id": 2318172256,
        "_source": "OpenStreetMap contributors via Overpass API (https://overpass-api.de/api/interpreter)",
        "_fetched_at": "2026-07-07T07:27:58Z",
        "_status": "ok",
        "_note": "Overpass bbox query, 312 raw elements (310 node/way features kept). 2 relation(s) skipped (multipolygon reconstruction not implemented) -- see osm_ids [8800378, 20982995]."
      },
      "geometry": {
        "type": "Point",
        "coordinates": [
          77.1893283,
          28.5647144
        ]
      }
    },
    {
      "type": "Feature",
      "properties": {
        "amenity": "pharmacy",
        "healthcare": "pharmacy",
        "name": "Batra Medicos",
        "phone": "+91-11-4100-0391;+91-99993-30009",
        "_osm_type": "node",
        "_osm_id": 2474266967,
        "_source": "OpenStreetMap contributors via Overpass API (https://overpass-api.de/api/interpreter)",
        "_fetched_at": "2026-07-07T07:27:58Z",
        "_status": "ok",
        "_note": "Overpass bbox query, 312 raw elements (310 node/way features kept). 2 relation(s) skipped (multipolygon reconstruction not implemented) -- see osm_ids [8800378, 20982995]."
      },
      "geometry": {
        "type": "Point",
        "coordinates": [
          77.2057547,
          28.5251093
        ]
      }
    },
    {
      "type": "Feature",
      "properties": {
        "amenity": "marketplace",
        "designation": "Software Service",
        "name": "Fervent Software Solutions P Ltd.",
        "source": "Self",
        "_osm_type": "node",
        "_osm_id": 2525210553,
        "_source": "OpenStreetMap contributors via Overpass API (https://overpass-api.de/api/interpreter)",
        "_fetched_at": "2026-07-07T07:27:58Z",
        "_status": "ok",
        "_note": "Overpass bbox query, 312 raw elements (310 node/way features kept). 2 relation(s) skipped (multipolygon reconstruction not implemented) -- see osm_ids [8800378, 20982995]."
      },
      "geometry": {
        "type": "Point",
        "coordinates": [
          77.2144488,
          28.5345041
        ]
      }
    },
    {
      "type": "Feature",
      "properties": {
        "addr:housenumber": "48/1",
        "addr:postcode": "110017",
        "addr:street": "August Kranti Marg",
        "amenity": "marketplace",
        "name": "Malviya Nagar, Main Market",
        "_osm_type": "node",
        "_osm_id": 2525233685,
        "_source": "OpenStreetMap contributors via Overpass API (https://overpass-api.de/api/interpreter)",
        "_fetched_at": "2026-07-07T07:27:58Z",
        "_status": "ok",
        "_note": "Overpass bbox query, 312 raw elements (310 node/way features kept). 2 relation(s) skipped (multipolygon reconstruction not implemented) -- see osm_ids [8800378, 20982995]."
      },
      "geometry": {
        "type": "Point",
        "coordinates": [
          77.2122199,
          28.5366155
        ]
      }
    },
    {
      "type": "Feature",
      "properties": {
        "amenity": "school",
        "name": "Sahoday Senior Secondary School",
        "_osm_type": "node",
        "_osm_id": 3626040478,
        "_source": "OpenStreetMap contributors via Overpass API (https://overpass-api.de/api/interpreter)",
        "_fetched_at": "2026-07-07T07:27:58Z",
        "_status": "ok",
        "_note": "Overpass bbox query, 312 raw elements (310 node/way features kept). 2 relation(s) skipped (multipolygon reconstruction not implemented) -- see osm_ids [8800378, 20982995]."
      },
      "geometry": {
        "type": "Point",
        "coordinates": [
          77.2002206,
          28.5526424
        ]
      }
    },
    {
      "type": "Feature",
      "properties": {
        "amenity": "drinking_water",
        "name": "Main building water cooler",
        "note": "cold water",
        "_osm_type": "node",
        "_osm_id": 3732928247,
        "_source": "OpenStreetMap contributors via Overpass API (https://overpass-api.de/api/interpreter)",
        "_fetched_at": "2026-07-07T07:27:58Z",
        "_status": "ok",
        "_note": "Overpass bbox query, 312 raw elements (310 node/way features kept). 2 relation(s) skipped (multipolygon reconstruction not implemented) -- see osm_ids [8800378, 20982995]."
      },
      "geometry": {
        "type": "Point",
        "coordinates": [
          77.1924054,
          28.5448099
        ]
      }
    },
    {
      "type": "Feature",
      "properties": {
        "amenity": "school",
        "name": "FORE School of Management",
        "name:en": "FORE School of Management",
        "name:hi": "FORE School of Management",
        "website": "https://www.fsm.ac.in/",
        "_osm_type": "node",
        "_osm_id": 4435563990,
        "_source": "OpenStreetMap contributors via Overpass API (https://overpass-api.de/api/interpreter)",
        "_fetched_at": "2026-07-07T07:27:58Z",
        "_status": "ok",
        "_note": "Overpass bbox query, 312 raw elements (310 node/way features kept). 2 relation(s) skipped (multipolygon reconstruction not implemented) -- see osm_ids [8800378, 20982995]."
      },
      "geometry": {
        "type": "Point",
        "coordinates": [
          77.1849245,
          28.5370038
        ]
      }
    },
    {
      "type": "Feature",
      "properties": {
        "amenity": "social_facility",
        "check_date": "2025-09-14",
        "name": "LifeHover",
        "_osm_type": "node",
        "_osm_id": 4553821189,
        "_source": "OpenStreetMap contributors via Overpass API (https://overpass-api.de/api/interpreter)",
        "_fetched_at": "2026-07-07T07:27:58Z",
        "_status": "ok",
        "_note": "Overpass bbox query, 312 raw elements (310 node/way features kept). 2 relation(s) skipped (multipolygon reconstruction not implemented) -- see osm_ids [8800378, 20982995]."
      },
      "geometry": {
        "type": "Point",
        "coordinates": [
          77.216031,
          28.54821
        ]
      }
    },
    {
      "type": "Feature",
      "properties": {
        "amenity": "school",
        "name": "\u0627\u0644\u0645\u062f\u0631\u0633\u0629 \u0627\u0644\u0639\u0631\u0627\u0642\u064a\u0629",
        "name:en": "Iraqi School",
        "_osm_type": "node",
        "_osm_id": 4729010299,
        "_source": "OpenStreetMap contributors via Overpass API (https://overpass-api.de/api/interpreter)",
        "_fetched_at": "2026-07-07T07:27:58Z",
        "_status": "ok",
        "_note": "Overpass bbox query, 312 raw elements (310 node/way features kept). 2 relation(s) skipped (multipolygon reconstruction not implemented) -- see osm_ids [8800378, 20982995]."
      },
      "geometry": {
        "type": "Point",
        "coordinates": [
          77.2049515,
          28.556265
        ]
      }
    },
    {
      "type": "Feature",
      "properties": {
        "amenity": "hospital",
        "healthcare": "hospital",
        "name": "Adiva Hospital",
        "_osm_type": "node",
        "_osm_id": 4927143358,
        "_source": "OpenStreetMap contributors via Overpass API (https://overpass-api.de/api/interpreter)",
        "_fetched_at": "2026-07-07T07:27:58Z",
        "_status": "ok",
        "_note": "Overpass bbox query, 312 raw elements (310 node/way features kept). 2 relation(s) skipped (multipolygon reconstruction not implemented) -- see osm_ids [8800378, 20982995]."
      },
      "geometry": {
        "type": "Point",
        "coordinates": [
          77.2064208,
          28.5583994
        ]
      }
    },
    {
      "type": "Feature",
      "properties": {
        "amenity": "pharmacy",
        "name": "Chemist shop",
        "_osm_type": "node",
        "_osm_id": 4927146057,
        "_source": "OpenStreetMap contributors via Overpass API (https://overpass-api.de/api/interpreter)",
        "_fetched_at": "2026-07-07T07:27:58Z",
        "_status": "ok",
        "_note": "Overpass bbox query, 312 raw elements (310 node/way features kept). 2 relation(s) skipped (multipolygon reconstruction not implemented) -- see osm_ids [8800378, 20982995]."
      },
      "geometry": {
        "type": "Point",
        "coordinates": [
          77.2070525,
          28.5605891
        ]
      }
    },
    {
      "type": "Feature",
      "properties": {
        "amenity": "shelter",
        "_osm_type": "node",
        "_osm_id": 5092575530,
        "_source": "OpenStreetMap contributors via Overpass API (https://overpass-api.de/api/interpreter)",
        "_fetched_at": "2026-07-07T07:27:58Z",
        "_status": "ok",
        "_note": "Overpass bbox query, 312 raw elements (310 node/way features kept). 2 relation(s) skipped (multipolygon reconstruction not implemented) -- see osm_ids [8800378, 20982995]."
      },
      "geometry": {
        "type": "Point",
        "coordinates": [
          77.2001513,
          28.5600678
        ]
      }
    },
    {
      "type": "Feature",
      "properties": {
        "amenity": "pharmacy",
        "name:ar": "\u0635\u064a\u062f\u0644\u064a\u0647 1",
        "_osm_type": "node",
        "_osm_id": 5116593625,
        "_source": "OpenStreetMap contributors via Overpass API (https://overpass-api.de/api/interpreter)",
        "_fetched_at": "2026-07-07T07:27:58Z",
        "_status": "ok",
        "_note": "Overpass bbox query, 312 raw elements (310 node/way features kept). 2 relation(s) skipped (multipolygon reconstruction not implemented) -- see osm_ids [8800378, 20982995]."
      },
      "geometry": {
        "type": "Point",
        "coordinates": [
          77.2070448,
          28.5605958
        ]
      }
    },
    {
      "type": "Feature",
      "properties": {
        "amenity": "drinking_water",
        "check_date": "2023-12-22",
        "man_made": "water_tap",
        "_osm_type": "node",
        "_osm_id": 5133195775,
        "_source": "OpenStreetMap contributors via Overpass API (https://overpass-api.de/api/interpreter)",
        "_fetched_at": "2026-07-07T07:27:58Z",
        "_status": "ok",
        "_note": "Overpass bbox query, 312 raw elements (310 node/way features kept). 2 relation(s) skipped (multipolygon reconstruction not implemented) -- see osm_ids [8800378, 20982995]."
      },
      "geometry": {
        "type": "Point",
        "coordinates": [
          77.217962,
          28.5429724
        ]
      }
    },
    {
      "type": "Feature",
      "properties": {
        "amenity": "drinking_water",
        "_osm_type": "node",
        "_osm_id": 5247558832,
        "_source": "OpenStreetMap contributors via Overpass API (https://overpass-api.de/api/interpreter)",
        "_fetched_at": "2026-07-07T07:27:58Z",
        "_status": "ok",
        "_note": "Overpass bbox query, 312 raw elements (310 node/way features kept). 2 relation(s) skipped (multipolygon reconstruction not implemented) -- see osm_ids [8800378, 20982995]."
      },
      "geometry": {
        "type": "Point",
        "coordinates": [
          77.1861712,
          28.5255382
        ]
      }
    },
    {
      "type": "Feature",
      "properties": {
        "amenity": "hospital",
        "healthcare": "hospital",
        "name": "Cygnus Orthocare Hospital",
        "_osm_type": "node",
        "_osm_id": 5253691568,
        "_source": "OpenStreetMap contributors via Overpass API (https://overpass-api.de/api/interpreter)",
        "_fetched_at": "2026-07-07T07:27:58Z",
        "_status": "ok",
        "_note": "Overpass bbox query, 312 raw elements (310 node/way features kept). 2 relation(s) skipped (multipolygon reconstruction not implemented) -- see osm_ids [8800378, 20982995]."
      },
      "geometry": {
        "type": "Point",
        "coordinates": [
          77.1973263,
          28.5460823
        ]
      }
    },
    {
      "type": "Feature",
      "properties": {
        "amenity": "dentist",
        "name": "Dentistry Redefined",
        "phone": "91-011-4107-7593",
        "phone_1": "91-99992-01572",
        "_osm_type": "node",
        "_osm_id": 5258047461,
        "_source": "OpenStreetMap contributors via Overpass API (https://overpass-api.de/api/interpreter)",
        "_fetched_at": "2026-07-07T07:27:58Z",
        "_status": "ok",
        "_note": "Overpass bbox query, 312 raw elements (310 node/way features kept). 2 relation(s) skipped (multipolygon reconstruction not implemented) -- see osm_ids [8800378, 20982995]."
      },
      "geometry": {
        "type": "Point",
        "coordinates": [
          77.2190245,
          28.5423703
        ]
      }
    },
    {
      "type": "Feature",
      "properties": {
        "amenity": "dentist",
        "healthcare": "dentist",
        "name": "Kalra Dental Specialities",
        "phone": "+91-98111-08729;+91-98109-85205;+91-011-4174-5126;+91-011-2601-7256",
        "_osm_type": "node",
        "_osm_id": 5258047748,
        "_source": "OpenStreetMap contributors via Overpass API (https://overpass-api.de/api/interpreter)",
        "_fetched_at": "2026-07-07T07:27:58Z",
        "_status": "ok",
        "_note": "Overpass bbox query, 312 raw elements (310 node/way features kept). 2 relation(s) skipped (multipolygon reconstruction not implemented) -- see osm_ids [8800378, 20982995]."
      },
      "geometry": {
        "type": "Point",
        "coordinates": [
          77.2176955,
          28.5424598
        ]
      }
    },
    {
      "type": "Feature",
      "properties": {
        "amenity": "kindergarten",
        "name": "Kingdom of Kids",
        "_osm_type": "node",
        "_osm_id": 5258047927,
        "_source": "OpenStreetMap contributors via Overpass API (https://overpass-api.de/api/interpreter)",
        "_fetched_at": "2026-07-07T07:27:58Z",
        "_status": "ok",
        "_note": "Overpass bbox query, 312 raw elements (310 node/way features kept). 2 relation(s) skipped (multipolygon reconstruction not implemented) -- see osm_ids [8800378, 20982995]."
      },
      "geometry": {
        "type": "Point",
        "coordinates": [
          77.2180108,
          28.5424418
        ]
      }
    },
    {
      "type": "Feature",
      "properties": {
        "amenity": "clinic",
        "healthcare": "clinic",
        "name": "Rosewalk - Premium Birthing, Feminine Care",
        "operator": "Rainbow Hospital",
        "operator:type": "private",
        "_osm_type": "node",
        "_osm_id": 5258048044,
        "_source": "OpenStreetMap contributors via Overpass API (https://overpass-api.de/api/interpreter)",
        "_fetched_at": "2026-07-07T07:27:58Z",
        "_status": "ok",
        "_note": "Overpass bbox query, 312 raw elements (310 node/way features kept). 2 relation(s) skipped (multipolygon reconstruction not implemented) -- see osm_ids [8800378, 20982995]."
      },
      "geometry": {
        "type": "Point",
        "coordinates": [
          77.2118358,
          28.5436294
        ]
      }
    },
    {
      "type": "Feature",
      "properties": {
        "amenity": "toilets",
        "fee": "yes",
        "level": "-1",
        "operator": "Sulabh International",
        "operator:wikidata": "Q3064151",
        "_osm_type": "node",
        "_osm_id": 5277259841,
        "_source": "OpenStreetMap contributors via Overpass API (https://overpass-api.de/api/interpreter)",
        "_fetched_at": "2026-07-07T07:27:58Z",
        "_status": "ok",
        "_note": "Overpass bbox query, 312 raw elements (310 node/way features kept). 2 relation(s) skipped (multipolygon reconstruction not implemented) -- see osm_ids [8800378, 20982995]."
      },
      "geometry": {
        "type": "Point",
        "coordinates": [
          77.2068313,
          28.5437057
        ]
      }
    },
    {
      "type": "Feature",
      "properties": {
        "amenity": "hospital",
        "healthcare": "hospital",
        "name": "Max Multi Speciality Centre",
        "_osm_type": "node",
        "_osm_id": 5277289181,
        "_source": "OpenStreetMap contributors via Overpass API (https://overpass-api.de/api/interpreter)",
        "_fetched_at": "2026-07-07T07:27:58Z",
        "_status": "ok",
        "_note": "Overpass bbox query, 312 raw elements (310 node/way features kept). 2 relation(s) skipped (multipolygon reconstruction not implemented) -- see osm_ids [8800378, 20982995]."
      },
      "geometry": {
        "type": "Point",
        "coordinates": [
          77.214298,
          28.5434575
        ]
      }
    },
    {
      "type": "Feature",
      "properties": {
        "amenity": "toilets",
        "_osm_type": "node",
        "_osm_id": 5374941492,
        "_source": "OpenStreetMap contributors via Overpass API (https://overpass-api.de/api/interpreter)",
        "_fetched_at": "2026-07-07T07:27:58Z",
        "_status": "ok",
        "_note": "Overpass bbox query, 312 raw elements (310 node/way features kept). 2 relation(s) skipped (multipolygon reconstruction not implemented) -- see osm_ids [8800378, 20982995]."
      },
      "geometry": {
        "type": "Point",
        "coordinates": [
          77.1764434,
          28.5552413
        ]
      }
    },
    {
      "type": "Feature",
      "properties": {
        "amenity": "shelter",
        "bench": "yes",
        "name": "Lado Sarai Crossing",
        "route_ref": "34;427;463;516;517;519;523;534A;536;539;715",
        "shelter_type": "public_transport",
        "tactile_paving": "yes",
        "_osm_type": "node",
        "_osm_id": 5455134120,
        "_source": "OpenStreetMap contributors via Overpass API (https://overpass-api.de/api/interpreter)",
        "_fetched_at": "2026-07-07T07:27:58Z",
        "_status": "ok",
        "_note": "Overpass bbox query, 312 raw elements (310 node/way features kept). 2 relation(s) skipped (multipolygon reconstruction not implemented) -- see osm_ids [8800378, 20982995]."
      },
      "geometry": {
        "type": "Point",
        "coordinates": [
          77.189992,
          28.5272605
        ]
      }
    },
    {
      "type": "Feature",
      "properties": {
        "amenity": "shelter",
        "bench": "yes",
        "name": "Lado Sarai Crossing",
        "route_ref": "34;427;463;516;517;519;523;534A;536;539;715",
        "shelter_type": "public_transport",
        "tactile_paving": "yes",
        "_osm_type": "node",
        "_osm_id": 5455135428,
        "_source": "OpenStreetMap contributors via Overpass API (https://overpass-api.de/api/interpreter)",
        "_fetched_at": "2026-07-07T07:27:58Z",
        "_status": "ok",
        "_note": "Overpass bbox query, 312 raw elements (310 node/way features kept). 2 relation(s) skipped (multipolygon reconstruction not implemented) -- see osm_ids [8800378, 20982995]."
      },
      "geometry": {
        "type": "Point",
        "coordinates": [
          77.1900912,
          28.5271976
        ]
      }
    },
    {
      "type": "Feature",
      "properties": {
        "addr:housenumber": "23",
        "addr:place": "New Market, Malviya Nagar",
        "amenity": "pharmacy",
        "healthcare": "pharmacy",
        "name": "Care",
        "phone": "+91-11-4132-9344;+91-11-4103-6980",
        "_osm_type": "node",
        "_osm_id": 5487020905,
        "_source": "OpenStreetMap contributors via Overpass API (https://overpass-api.de/api/interpreter)",
        "_fetched_at": "2026-07-07T07:27:58Z",
        "_status": "ok",
        "_note": "Overpass bbox query, 312 raw elements (310 node/way features kept). 2 relation(s) skipped (multipolygon reconstruction not implemented) -- see osm_ids [8800378, 20982995]."
      },
      "geometry": {
        "type": "Point",
        "coordinates": [
          77.2133844,
          28.5377121
        ]
      }
    },
    {
      "type": "Feature",
      "properties": {
        "amenity": "hospital",
        "healthcare": "hospital",
        "healthcare:speciality": "ophthalmology",
        "name": "Doctor Rajendra Prasad Centre for Opthalmic Sciences",
        "name:etymology:wikidata": "Q197736",
        "_osm_type": "node",
        "_osm_id": 5544380960,
        "_source": "OpenStreetMap contributors via Overpass API (https://overpass-api.de/api/interpreter)",
        "_fetched_at": "2026-07-07T07:27:58Z",
        "_status": "ok",
        "_note": "Overpass bbox query, 312 raw elements (310 node/way features kept). 2 relation(s) skipped (multipolygon reconstruction not implemented) -- see osm_ids [8800378, 20982995]."
      },
      "geometry": {
        "type": "Point",
        "coordinates": [
          77.2088857,
          28.5667966
        ]
      }
    },
    {
      "type": "Feature",
      "properties": {
        "amenity": "toilets",
        "fee": "no",
        "_osm_type": "node",
        "_osm_id": 5567166879,
        "_source": "OpenStreetMap contributors via Overpass API (https://overpass-api.de/api/interpreter)",
        "_fetched_at": "2026-07-07T07:27:58Z",
        "_status": "ok",
        "_note": "Overpass bbox query, 312 raw elements (310 node/way features kept). 2 relation(s) skipped (multipolygon reconstruction not implemented) -- see osm_ids [8800378, 20982995]."
      },
      "geometry": {
        "type": "Point",
        "coordinates": [
          77.2074126,
          28.562941
        ]
      }
    },
    {
      "type": "Feature",
      "properties": {
        "amenity": "toilets",
        "female": "yes",
        "male": "no",
        "_osm_type": "node",
        "_osm_id": 5586450396,
        "_source": "OpenStreetMap contributors via Overpass API (https://overpass-api.de/api/interpreter)",
        "_fetched_at": "2026-07-07T07:27:58Z",
        "_status": "ok",
        "_note": "Overpass bbox query, 312 raw elements (310 node/way features kept). 2 relation(s) skipped (multipolygon reconstruction not implemented) -- see osm_ids [8800378, 20982995]."
      },
      "geometry": {
        "type": "Point",
        "coordinates": [
          77.2125752,
          28.5372091
        ]
      }
    },
    {
      "type": "Feature",
      "properties": {
        "amenity": "pharmacy",
        "branch": "Malviya Nagar",
        "brand": "Apollo Pharmacy",
        "brand:wikidata": "Q62562612",
        "check_date": "2023-05-02",
        "healthcare": "pharmacy",
        "name": "Apollo Pharmacy",
        "_osm_type": "node",
        "_osm_id": 5586450861,
        "_source": "OpenStreetMap contributors via Overpass API (https://overpass-api.de/api/interpreter)",
        "_fetched_at": "2026-07-07T07:27:58Z",
        "_status": "ok",
        "_note": "Overpass bbox query, 312 raw elements (310 node/way features kept). 2 relation(s) skipped (multipolygon reconstruction not implemented) -- see osm_ids [8800378, 20982995]."
      },
      "geometry": {
        "type": "Point",
        "coordinates": [
          77.2121964,
          28.5365075
        ]
      }
    },
    {
      "type": "Feature",
      "properties": {
        "amenity": "toilets",
        "_osm_type": "node",
        "_osm_id": 5586450873,
        "_source": "OpenStreetMap contributors via Overpass API (https://overpass-api.de/api/interpreter)",
        "_fetched_at": "2026-07-07T07:27:58Z",
        "_status": "ok",
        "_note": "Overpass bbox query, 312 raw elements (310 node/way features kept). 2 relation(s) skipped (multipolygon reconstruction not implemented) -- see osm_ids [8800378, 20982995]."
      },
      "geometry": {
        "type": "Point",
        "coordinates": [
          77.2041186,
          28.5316683
        ]
      }
    },
    {
      "type": "Feature",
      "properties": {
        "access": "yes",
        "amenity": "toilets",
        "check_date": "2023-05-02",
        "female": "no",
        "male": "yes",
        "_osm_type": "node",
        "_osm_id": 5586960165,
        "_source": "OpenStreetMap contributors via Overpass API (https://overpass-api.de/api/interpreter)",
        "_fetched_at": "2026-07-07T07:27:58Z",
        "_status": "ok",
        "_note": "Overpass bbox query, 312 raw elements (310 node/way features kept). 2 relation(s) skipped (multipolygon reconstruction not implemented) -- see osm_ids [8800378, 20982995]."
      },
      "geometry": {
        "type": "Point",
        "coordinates": [
          77.2117895,
          28.5363751
        ]
      }
    },
    {
      "type": "Feature",
      "properties": {
        "amenity": "hospital",
        "name": "Safdarjung H back gate",
        "_osm_type": "node",
        "_osm_id": 5595955621,
        "_source": "OpenStreetMap contributors via Overpass API (https://overpass-api.de/api/interpreter)",
        "_fetched_at": "2026-07-07T07:27:58Z",
        "_status": "ok",
        "_note": "Overpass bbox query, 312 raw elements (310 node/way features kept). 2 relation(s) skipped (multipolygon reconstruction not implemented) -- see osm_ids [8800378, 20982995]."
      },
      "geometry": {
        "type": "Point",
        "coordinates": [
          77.207556,
          28.5663672
        ]
      }
    },
    {
      "type": "Feature",
      "properties": {
        "amenity": "clinic",
        "name": "Aggarwal Eye Institute",
        "_osm_type": "node",
        "_osm_id": 5598384622,
        "_source": "OpenStreetMap contributors via Overpass API (https://overpass-api.de/api/interpreter)",
        "_fetched_at": "2026-07-07T07:27:58Z",
        "_status": "ok",
        "_note": "Overpass bbox query, 312 raw elements (310 node/way features kept). 2 relation(s) skipped (multipolygon reconstruction not implemented) -- see osm_ids [8800378, 20982995]."
      },
      "geometry": {
        "type": "Point",
        "coordinates": [
          77.2075678,
          28.5315336
        ]
      }
    },
    {
      "type": "Feature",
      "properties": {
        "amenity": "toilets",
        "_osm_type": "node",
        "_osm_id": 5598795648,
        "_source": "OpenStreetMap contributors via Overpass API (https://overpass-api.de/api/interpreter)",
        "_fetched_at": "2026-07-07T07:27:58Z",
        "_status": "ok",
        "_note": "Overpass bbox query, 312 raw elements (310 node/way features kept). 2 relation(s) skipped (multipolygon reconstruction not implemented) -- see osm_ids [8800378, 20982995]."
      },
      "geometry": {
        "type": "Point",
        "coordinates": [
          77.1985051,
          28.5386447
        ]
      }
    },
    {
      "type": "Feature",
      "properties": {
        "amenity": "pharmacy",
        "healthcare": "pharmacy",
        "name": "Shri Kamal Medicos",
        "phone": "+91-11-4104-8478;+91-98102-29009",
        "_osm_type": "node",
        "_osm_id": 5630006583,
        "_source": "OpenStreetMap contributors via Overpass API (https://overpass-api.de/api/interpreter)",
        "_fetched_at": "2026-07-07T07:27:58Z",
        "_status": "ok",
        "_note": "Overpass bbox query, 312 raw elements (310 node/way features kept). 2 relation(s) skipped (multipolygon reconstruction not implemented) -- see osm_ids [8800378, 20982995]."
      },
      "geometry": {
        "type": "Point",
        "coordinates": [
          77.205683,
          28.5252939
        ]
      }
    },
    {
      "type": "Feature",
      "properties": {
        "amenity": "pharmacy",
        "name": "Kunal Medicos",
        "_osm_type": "node",
        "_osm_id": 5695692633,
        "_source": "OpenStreetMap contributors via Overpass API (https://overpass-api.de/api/interpreter)",
        "_fetched_at": "2026-07-07T07:27:58Z",
        "_status": "ok",
        "_note": "Overpass bbox query, 312 raw elements (310 node/way features kept). 2 relation(s) skipped (multipolygon reconstruction not implemented) -- see osm_ids [8800378, 20982995]."
      },
      "geometry": {
        "type": "Point",
        "coordinates": [
          77.1765755,
          28.5659914
        ]
      }
    },
    {
      "type": "Feature",
      "properties": {
        "amenity": "toilets",
        "check_date": "2026-02-16",
        "_osm_type": "node",
        "_osm_id": 5695695467,
        "_source": "OpenStreetMap contributors via Overpass API (https://overpass-api.de/api/interpreter)",
        "_fetched_at": "2026-07-07T07:27:58Z",
        "_status": "ok",
        "_note": "Overpass bbox query, 312 raw elements (310 node/way features kept). 2 relation(s) skipped (multipolygon reconstruction not implemented) -- see osm_ids [8800378, 20982995]."
      },
      "geometry": {
        "type": "Point",
        "coordinates": [
          77.1964003,
          28.5345913
        ]
      }
    },
    {
      "type": "Feature",
      "properties": {
        "amenity": "toilets",
        "_osm_type": "node",
        "_osm_id": 5701998657,
        "_source": "OpenStreetMap contributors via Overpass API (https://overpass-api.de/api/interpreter)",
        "_fetched_at": "2026-07-07T07:27:58Z",
        "_status": "ok",
        "_note": "Overpass bbox query, 312 raw elements (310 node/way features kept). 2 relation(s) skipped (multipolygon reconstruction not implemented) -- see osm_ids [8800378, 20982995]."
      },
      "geometry": {
        "type": "Point",
        "coordinates": [
          77.2232049,
          28.5622825
        ]
      }
    },
    {
      "type": "Feature",
      "properties": {
        "amenity": "toilets",
        "_osm_type": "node",
        "_osm_id": 5744172179,
        "_source": "OpenStreetMap contributors via Overpass API (https://overpass-api.de/api/interpreter)",
        "_fetched_at": "2026-07-07T07:27:58Z",
        "_status": "ok",
        "_note": "Overpass bbox query, 312 raw elements (310 node/way features kept). 2 relation(s) skipped (multipolygon reconstruction not implemented) -- see osm_ids [8800378, 20982995]."
      },
      "geometry": {
        "type": "Point",
        "coordinates": [
          77.1913817,
          28.5591641
        ]
      }
    },
    {
      "type": "Feature",
      "properties": {
        "amenity": "toilets",
        "_osm_type": "node",
        "_osm_id": 5744181505,
        "_source": "OpenStreetMap contributors via Overpass API (https://overpass-api.de/api/interpreter)",
        "_fetched_at": "2026-07-07T07:27:58Z",
        "_status": "ok",
        "_note": "Overpass bbox query, 312 raw elements (310 node/way features kept). 2 relation(s) skipped (multipolygon reconstruction not implemented) -- see osm_ids [8800378, 20982995]."
      },
      "geometry": {
        "type": "Point",
        "coordinates": [
          77.2022822,
          28.5556503
        ]
      }
    },
    {
      "type": "Feature",
      "properties": {
        "amenity": "post_office",
        "_osm_type": "node",
        "_osm_id": 5744189186,
        "_source": "OpenStreetMap contributors via Overpass API (https://overpass-api.de/api/interpreter)",
        "_fetched_at": "2026-07-07T07:27:58Z",
        "_status": "ok",
        "_note": "Overpass bbox query, 312 raw elements (310 node/way features kept). 2 relation(s) skipped (multipolygon reconstruction not implemented) -- see osm_ids [8800378, 20982995]."
      },
      "geometry": {
        "type": "Point",
        "coordinates": [
          77.2020623,
          28.5560048
        ]
      }
    },
    {
      "type": "Feature",
      "properties": {
        "amenity": "post_office",
        "_osm_type": "node",
        "_osm_id": 5744189187,
        "_source": "OpenStreetMap contributors via Overpass API (https://overpass-api.de/api/interpreter)",
        "_fetched_at": "2026-07-07T07:27:58Z",
        "_status": "ok",
        "_note": "Overpass bbox query, 312 raw elements (310 node/way features kept). 2 relation(s) skipped (multipolygon reconstruction not implemented) -- see osm_ids [8800378, 20982995]."
      },
      "geometry": {
        "type": "Point",
        "coordinates": [
          77.1999152,
          28.5659039
        ]
      }
    },
    {
      "type": "Feature",
      "properties": {
        "access": "yes",
        "amenity": "toilets",
        "fee": "yes",
        "female": "yes",
        "male": "yes",
        "operator": "Sulabh International",
        "operator:wikidata": "Q3064151",
        "_osm_type": "node",
        "_osm_id": 5755440916,
        "_source": "OpenStreetMap contributors via Overpass API (https://overpass-api.de/api/interpreter)",
        "_fetched_at": "2026-07-07T07:27:58Z",
        "_status": "ok",
        "_note": "Overpass bbox query, 312 raw elements (310 node/way features kept). 2 relation(s) skipped (multipolygon reconstruction not implemented) -- see osm_ids [8800378, 20982995]."
      },
      "geometry": {
        "type": "Point",
        "coordinates": [
          77.2199916,
          28.5421824
        ]
      }
    },
    {
      "type": "Feature",
      "properties": {
        "amenity": "toilets",
        "fee": "no",
        "_osm_type": "node",
        "_osm_id": 5792049358,
        "_source": "OpenStreetMap contributors via Overpass API (https://overpass-api.de/api/interpreter)",
        "_fetched_at": "2026-07-07T07:27:58Z",
        "_status": "ok",
        "_note": "Overpass bbox query, 312 raw elements (310 node/way features kept). 2 relation(s) skipped (multipolygon reconstruction not implemented) -- see osm_ids [8800378, 20982995]."
      },
      "geometry": {
        "type": "Point",
        "coordinates": [
          77.2206623,
          28.5303743
        ]
      }
    },
    {
      "type": "Feature",
      "properties": {
        "amenity": "toilets",
        "fee": "no",
        "_osm_type": "node",
        "_osm_id": 5799052871,
        "_source": "OpenStreetMap contributors via Overpass API (https://overpass-api.de/api/interpreter)",
        "_fetched_at": "2026-07-07T07:27:58Z",
        "_status": "ok",
        "_note": "Overpass bbox query, 312 raw elements (310 node/way features kept). 2 relation(s) skipped (multipolygon reconstruction not implemented) -- see osm_ids [8800378, 20982995]."
      },
      "geometry": {
        "type": "Point",
        "coordinates": [
          77.211856,
          28.5537829
        ]
      }
    },
    {
      "type": "Feature",
      "properties": {
        "amenity": "clinic",
        "name": "Ahuja Clinic",
        "opening_hours": "Mo-Sa 09:00-11:00, Mo,We,Fr 17:00-18:30, Tu,Th,Sa 17:00-20:00",
        "_osm_type": "node",
        "_osm_id": 5804015430,
        "_source": "OpenStreetMap contributors via Overpass API (https://overpass-api.de/api/interpreter)",
        "_fetched_at": "2026-07-07T07:27:58Z",
        "_status": "ok",
        "_note": "Overpass bbox query, 312 raw elements (310 node/way features kept). 2 relation(s) skipped (multipolygon reconstruction not implemented) -- see osm_ids [8800378, 20982995]."
      },
      "geometry": {
        "type": "Point",
        "coordinates": [
          77.2057017,
          28.5268841
        ]
      }
    },
    {
      "type": "Feature",
      "properties": {
        "amenity": "pharmacy",
        "delivery": "yes",
        "name": "Maxwell Chemist",
        "phone": "+91-11-4108-2244;+91-11-4978-5545;+91-97174-56632",
        "_osm_type": "node",
        "_osm_id": 5827193784,
        "_source": "OpenStreetMap contributors via Overpass API (https://overpass-api.de/api/interpreter)",
        "_fetched_at": "2026-07-07T07:27:58Z",
        "_status": "ok",
        "_note": "Overpass bbox query, 312 raw elements (310 node/way features kept). 2 relation(s) skipped (multipolygon reconstruction not implemented) -- see osm_ids [8800378, 20982995]."
      },
      "geometry": {
        "type": "Point",
        "coordinates": [
          77.2093782,
          28.5340749
        ]
      }
    },
    {
      "type": "Feature",
      "properties": {
        "amenity": "school",
        "name": "s6 BHIM Singh ni was",
        "_osm_type": "node",
        "_osm_id": 5960740186,
        "_source": "OpenStreetMap contributors via Overpass API (https://overpass-api.de/api/interpreter)",
        "_fetched_at": "2026-07-07T07:27:58Z",
        "_status": "ok",
        "_note": "Overpass bbox query, 312 raw elements (310 node/way features kept). 2 relation(s) skipped (multipolygon reconstruction not implemented) -- see osm_ids [8800378, 20982995]."
      },
      "geometry": {
        "type": "Point",
        "coordinates": [
          77.218045,
          28.5309957
        ]
      }
    },
    {
      "type": "Feature",
      "properties": {
        "amenity": "school",
        "name": "SH Computer Education",
        "_osm_type": "node",
        "_osm_id": 5960754388,
        "_source": "OpenStreetMap contributors via Overpass API (https://overpass-api.de/api/interpreter)",
        "_fetched_at": "2026-07-07T07:27:58Z",
        "_status": "ok",
        "_note": "Overpass bbox query, 312 raw elements (310 node/way features kept). 2 relation(s) skipped (multipolygon reconstruction not implemented) -- see osm_ids [8800378, 20982995]."
      },
      "geometry": {
        "type": "Point",
        "coordinates": [
          77.2170319,
          28.5309108
        ]
      }
    },
    {
      "type": "Feature",
      "properties": {
        "amenity": "pharmacy",
        "healthcare": "pharmacy",
        "name": "gotam medical stor",
        "_osm_type": "node",
        "_osm_id": 5960760891,
        "_source": "OpenStreetMap contributors via Overpass API (https://overpass-api.de/api/interpreter)",
        "_fetched_at": "2026-07-07T07:27:58Z",
        "_status": "ok",
        "_note": "Overpass bbox query, 312 raw elements (310 node/way features kept). 2 relation(s) skipped (multipolygon reconstruction not implemented) -- see osm_ids [8800378, 20982995]."
      },
      "geometry": {
        "type": "Point",
        "coordinates": [
          77.2168007,
          28.5348606
        ]
      }
    },
    {
      "type": "Feature",
      "properties": {
        "amenity": "kindergarten",
        "name": "todllers townn",
        "_osm_type": "node",
        "_osm_id": 5960760894,
        "_source": "OpenStreetMap contributors via Overpass API (https://overpass-api.de/api/interpreter)",
        "_fetched_at": "2026-07-07T07:27:58Z",
        "_status": "ok",
        "_note": "Overpass bbox query, 312 raw elements (310 node/way features kept). 2 relation(s) skipped (multipolygon reconstruction not implemented) -- see osm_ids [8800378, 20982995]."
      },
      "geometry": {
        "type": "Point",
        "coordinates": [
          77.2168348,
          28.5353149
        ]
      }
    },
    {
      "type": "Feature",
      "properties": {
        "amenity": "pharmacy",
        "healthcare": "pharmacy",
        "name": "Durga chemist",
        "_osm_type": "node",
        "_osm_id": 5960767986,
        "_source": "OpenStreetMap contributors via Overpass API (https://overpass-api.de/api/interpreter)",
        "_fetched_at": "2026-07-07T07:27:58Z",
        "_status": "ok",
        "_note": "Overpass bbox query, 312 raw elements (310 node/way features kept). 2 relation(s) skipped (multipolygon reconstruction not implemented) -- see osm_ids [8800378, 20982995]."
      },
      "geometry": {
        "type": "Point",
        "coordinates": [
          77.2177772,
          28.5328634
        ]
      }
    },
    {
      "type": "Feature",
      "properties": {
        "amenity": "pharmacy",
        "healthcare": "pharmacy",
        "name": "Suhani Medicos and Cosmetics",
        "_osm_type": "node",
        "_osm_id": 5960774587,
        "_source": "OpenStreetMap contributors via Overpass API (https://overpass-api.de/api/interpreter)",
        "_fetched_at": "2026-07-07T07:27:58Z",
        "_status": "ok",
        "_note": "Overpass bbox query, 312 raw elements (310 node/way features kept). 2 relation(s) skipped (multipolygon reconstruction not implemented) -- see osm_ids [8800378, 20982995]."
      },
      "geometry": {
        "type": "Point",
        "coordinates": [
          77.2167688,
          28.5309146
        ]
      }
    },
    {
      "type": "Feature",
      "properties": {
        "amenity": "doctors",
        "healthcare": "doctor",
        "name": "Bengali Doctor",
        "_osm_type": "node",
        "_osm_id": 5960774589,
        "_source": "OpenStreetMap contributors via Overpass API (https://overpass-api.de/api/interpreter)",
        "_fetched_at": "2026-07-07T07:27:58Z",
        "_status": "ok",
        "_note": "Overpass bbox query, 312 raw elements (310 node/way features kept). 2 relation(s) skipped (multipolygon reconstruction not implemented) -- see osm_ids [8800378, 20982995]."
      },
      "geometry": {
        "type": "Point",
        "coordinates": [
          77.2165211,
          28.5309449
        ]
      }
    },
    {
      "type": "Feature",
      "properties": {
        "amenity": "doctors",
        "healthcare": "doctor",
        "name": "Dr. Vaquar Alam",
        "_osm_type": "node",
        "_osm_id": 5960774592,
        "_source": "OpenStreetMap contributors via Overpass API (https://overpass-api.de/api/interpreter)",
        "_fetched_at": "2026-07-07T07:27:58Z",
        "_status": "ok",
        "_note": "Overpass bbox query, 312 raw elements (310 node/way features kept). 2 relation(s) skipped (multipolygon reconstruction not implemented) -- see osm_ids [8800378, 20982995]."
      },
      "geometry": {
        "type": "Point",
        "coordinates": [
          77.2161637,
          28.5309148
        ]
      }
    },
    {
      "type": "Feature",
      "properties": {
        "amenity": "clinic",
        "healthcare": "clinic",
        "name": "Kohli Clinic",
        "opening_hours": "Mo-Su 10:00-20:00",
        "_osm_type": "node",
        "_osm_id": 5960793686,
        "_source": "OpenStreetMap contributors via Overpass API (https://overpass-api.de/api/interpreter)",
        "_fetched_at": "2026-07-07T07:27:58Z",
        "_status": "ok",
        "_note": "Overpass bbox query, 312 raw elements (310 node/way features kept). 2 relation(s) skipped (multipolygon reconstruction not implemented) -- see osm_ids [8800378, 20982995]."
      },
      "geometry": {
        "type": "Point",
        "coordinates": [
          77.2210796,
          28.5332342
        ]
      }
    },
    {
      "type": "Feature",
      "properties": {
        "amenity": "drinking_water",
        "drinking_water": "yes",
        "name": "new health juice and shake ",
        "_osm_type": "node",
        "_osm_id": 5960793690,
        "_source": "OpenStreetMap contributors via Overpass API (https://overpass-api.de/api/interpreter)",
        "_fetched_at": "2026-07-07T07:27:58Z",
        "_status": "ok",
        "_note": "Overpass bbox query, 312 raw elements (310 node/way features kept). 2 relation(s) skipped (multipolygon reconstruction not implemented) -- see osm_ids [8800378, 20982995]."
      },
      "geometry": {
        "type": "Point",
        "coordinates": [
          77.2169906,
          28.5339502
        ]
      }
    },
    {
      "type": "Feature",
      "properties": {
        "amenity": "pharmacy",
        "healthcare": "pharmacy",
        "name": "eeshwar",
        "_osm_type": "node",
        "_osm_id": 5960793691,
        "_source": "OpenStreetMap contributors via Overpass API (https://overpass-api.de/api/interpreter)",
        "_fetched_at": "2026-07-07T07:27:58Z",
        "_status": "ok",
        "_note": "Overpass bbox query, 312 raw elements (310 node/way features kept). 2 relation(s) skipped (multipolygon reconstruction not implemented) -- see osm_ids [8800378, 20982995]."
      },
      "geometry": {
        "type": "Point",
        "coordinates": [
          77.2170413,
          28.5340857
        ]
      }
    },
    {
      "type": "Feature",
      "properties": {
        "amenity": "drinking_water",
        "drinking_water": "yes",
        "name": "soda shop",
        "_osm_type": "node",
        "_osm_id": 5960793692,
        "_source": "OpenStreetMap contributors via Overpass API (https://overpass-api.de/api/interpreter)",
        "_fetched_at": "2026-07-07T07:27:58Z",
        "_status": "ok",
        "_note": "Overpass bbox query, 312 raw elements (310 node/way features kept). 2 relation(s) skipped (multipolygon reconstruction not implemented) -- see osm_ids [8800378, 20982995]."
      },
      "geometry": {
        "type": "Point",
        "coordinates": [
          77.21703,
          28.5341525
        ]
      }
    },
    {
      "type": "Feature",
      "properties": {
        "amenity": "pharmacy",
        "healthcare": "pharmacy",
        "name": "v.g and co. ",
        "_osm_type": "node",
        "_osm_id": 5960793696,
        "_source": "OpenStreetMap contributors via Overpass API (https://overpass-api.de/api/interpreter)",
        "_fetched_at": "2026-07-07T07:27:58Z",
        "_status": "ok",
        "_note": "Overpass bbox query, 312 raw elements (310 node/way features kept). 2 relation(s) skipped (multipolygon reconstruction not implemented) -- see osm_ids [8800378, 20982995]."
      },
      "geometry": {
        "type": "Point",
        "coordinates": [
          77.2167394,
          28.5352006
        ]
      }
    },
    {
      "type": "Feature",
      "properties": {
        "amenity": "clinic",
        "healthcare": "clinic",
        "name": "hi tech dental clinic",
        "_osm_type": "node",
        "_osm_id": 5960793701,
        "_source": "OpenStreetMap contributors via Overpass API (https://overpass-api.de/api/interpreter)",
        "_fetched_at": "2026-07-07T07:27:58Z",
        "_status": "ok",
        "_note": "Overpass bbox query, 312 raw elements (310 node/way features kept). 2 relation(s) skipped (multipolygon reconstruction not implemented) -- see osm_ids [8800378, 20982995]."
      },
      "geometry": {
        "type": "Point",
        "coordinates": [
          77.2168719,
          28.5357824
        ]
      }
    },
    {
      "type": "Feature",
      "properties": {
        "amenity": "school",
        "isced:level": "8",
        "name": "Sant Nirankari",
        "_osm_type": "node",
        "_osm_id": 5960793702,
        "_source": "OpenStreetMap contributors via Overpass API (https://overpass-api.de/api/interpreter)",
        "_fetched_at": "2026-07-07T07:27:58Z",
        "_status": "ok",
        "_note": "Overpass bbox query, 312 raw elements (310 node/way features kept). 2 relation(s) skipped (multipolygon reconstruction not implemented) -- see osm_ids [8800378, 20982995]."
      },
      "geometry": {
        "type": "Point",
        "coordinates": [
          77.2177052,
          28.535831
        ]
      }
    },
    {
      "type": "Feature",
      "properties": {
        "amenity": "drinking_water",
        "drinking_water": "yes",
        "name": "baba juice ",
        "_osm_type": "node",
        "_osm_id": 5960793704,
        "_source": "OpenStreetMap contributors via Overpass API (https://overpass-api.de/api/interpreter)",
        "_fetched_at": "2026-07-07T07:27:58Z",
        "_status": "ok",
        "_note": "Overpass bbox query, 312 raw elements (310 node/way features kept). 2 relation(s) skipped (multipolygon reconstruction not implemented) -- see osm_ids [8800378, 20982995]."
      },
      "geometry": {
        "type": "Point",
        "coordinates": [
          77.2183301,
          28.5350793
        ]
      }
    },
    {
      "type": "Feature",
      "properties": {
        "amenity": "doctors",
        "healthcare": "doctor",
        "name": "Arogya Rejuvenating Point",
        "_osm_type": "node",
        "_osm_id": 5960793785,
        "_source": "OpenStreetMap contributors via Overpass API (https://overpass-api.de/api/interpreter)",
        "_fetched_at": "2026-07-07T07:27:58Z",
        "_status": "ok",
        "_note": "Overpass bbox query, 312 raw elements (310 node/way features kept). 2 relation(s) skipped (multipolygon reconstruction not implemented) -- see osm_ids [8800378, 20982995]."
      },
      "geometry": {
        "type": "Point",
        "coordinates": [
          77.2159258,
          28.5307727
        ]
      }
    },
    {
      "type": "Feature",
      "properties": {
        "amenity": "clinic",
        "healthcare": "clinic",
        "name": "Sanjay clinic ",
        "opening_hours": "Mo-Su 08:30-19:30",
        "_osm_type": "node",
        "_osm_id": 5960794087,
        "_source": "OpenStreetMap contributors via Overpass API (https://overpass-api.de/api/interpreter)",
        "_fetched_at": "2026-07-07T07:27:58Z",
        "_status": "ok",
        "_note": "Overpass bbox query, 312 raw elements (310 node/way features kept). 2 relation(s) skipped (multipolygon reconstruction not implemented) -- see osm_ids [8800378, 20982995]."
      },
      "geometry": {
        "type": "Point",
        "coordinates": [
          77.2220018,
          28.5341711
        ]
      }
    },
    {
      "type": "Feature",
      "properties": {
        "amenity": "drinking_water",
        "name": "water supply",
        "_osm_type": "node",
        "_osm_id": 5960810289,
        "_source": "OpenStreetMap contributors via Overpass API (https://overpass-api.de/api/interpreter)",
        "_fetched_at": "2026-07-07T07:27:58Z",
        "_status": "ok",
        "_note": "Overpass bbox query, 312 raw elements (310 node/way features kept). 2 relation(s) skipped (multipolygon reconstruction not implemented) -- see osm_ids [8800378, 20982995]."
      },
      "geometry": {
        "type": "Point",
        "coordinates": [
          77.2204369,
          28.5345996
        ]
      }
    },
    {
      "type": "Feature",
      "properties": {
        "amenity": "pharmacy",
        "healthcare": "pharmacy",
        "name": "medicine point",
        "_osm_type": "node",
        "_osm_id": 5960810292,
        "_source": "OpenStreetMap contributors via Overpass API (https://overpass-api.de/api/interpreter)",
        "_fetched_at": "2026-07-07T07:27:58Z",
        "_status": "ok",
        "_note": "Overpass bbox query, 312 raw elements (310 node/way features kept). 2 relation(s) skipped (multipolygon reconstruction not implemented) -- see osm_ids [8800378, 20982995]."
      },
      "geometry": {
        "type": "Point",
        "coordinates": [
          77.219189,
          28.5341134
        ]
      }
    },
    {
      "type": "Feature",
      "properties": {
        "amenity": "post_office",
        "brand": "Desk to Desk Courier & Cargo",
        "brand:short": "DTDC",
        "brand:wikidata": "Q55608802",
        "name": "Desk to Desk Courier & Cargo",
        "operator": "Desk to Desk Courier & Cargo",
        "operator:short": "DTDC",
        "operator:wikidata": "Q55608802",
        "_osm_type": "node",
        "_osm_id": 5960810293,
        "_source": "OpenStreetMap contributors via Overpass API (https://overpass-api.de/api/interpreter)",
        "_fetched_at": "2026-07-07T07:27:58Z",
        "_status": "ok",
        "_note": "Overpass bbox query, 312 raw elements (310 node/way features kept). 2 relation(s) skipped (multipolygon reconstruction not implemented) -- see osm_ids [8800378, 20982995]."
      },
      "geometry": {
        "type": "Point",
        "coordinates": [
          77.2186808,
          28.5341538
        ]
      }
    },
    {
      "type": "Feature",
      "properties": {
        "amenity": "clinic",
        "healthcare": "clinic",
        "healthcare:speciality": "ophthalmology",
        "name": "Tirupati eye center",
        "_osm_type": "node",
        "_osm_id": 5960810585,
        "_source": "OpenStreetMap contributors via Overpass API (https://overpass-api.de/api/interpreter)",
        "_fetched_at": "2026-07-07T07:27:58Z",
        "_status": "ok",
        "_note": "Overpass bbox query, 312 raw elements (310 node/way features kept). 2 relation(s) skipped (multipolygon reconstruction not implemented) -- see osm_ids [8800378, 20982995]."
      },
      "geometry": {
        "type": "Point",
        "coordinates": [
          77.2220757,
          28.5342543
        ]
      }
    },
    {
      "type": "Feature",
      "properties": {
        "amenity": "clinic",
        "healthcare": "clinic",
        "name": "care medical center",
        "_osm_type": "node",
        "_osm_id": 5960811188,
        "_source": "OpenStreetMap contributors via Overpass API (https://overpass-api.de/api/interpreter)",
        "_fetched_at": "2026-07-07T07:27:58Z",
        "_status": "ok",
        "_note": "Overpass bbox query, 312 raw elements (310 node/way features kept). 2 relation(s) skipped (multipolygon reconstruction not implemented) -- see osm_ids [8800378, 20982995]."
      },
      "geometry": {
        "type": "Point",
        "coordinates": [
          77.2206104,
          28.5346261
        ]
      }
    },
    {
      "type": "Feature",
      "properties": {
        "amenity": "clinic",
        "healthcare": "clinic",
        "name": "indraprastha poly clinic ",
        "opening_hours": "Mo-Sa 11:00-13:30, Mo-Sa 18:00-21:00, Su 11:00-13:30",
        "_osm_type": "node",
        "_osm_id": 5960811190,
        "_source": "OpenStreetMap contributors via Overpass API (https://overpass-api.de/api/interpreter)",
        "_fetched_at": "2026-07-07T07:27:58Z",
        "_status": "ok",
        "_note": "Overpass bbox query, 312 raw elements (310 node/way features kept). 2 relation(s) skipped (multipolygon reconstruction not implemented) -- see osm_ids [8800378, 20982995]."
      },
      "geometry": {
        "type": "Point",
        "coordinates": [
          77.2194522,
          28.5341349
        ]
      }
    },
    {
      "type": "Feature",
      "properties": {
        "amenity": "crematorium",
        "name": "\u0936\u092e\u0936\u093e\u0928 \u092d\u0942\u092e\u0940",
        "_osm_type": "node",
        "_osm_id": 5960818469,
        "_source": "OpenStreetMap contributors via Overpass API (https://overpass-api.de/api/interpreter)",
        "_fetched_at": "2026-07-07T07:27:58Z",
        "_status": "ok",
        "_note": "Overpass bbox query, 312 raw elements (310 node/way features kept). 2 relation(s) skipped (multipolygon reconstruction not implemented) -- see osm_ids [8800378, 20982995]."
      },
      "geometry": {
        "type": "Point",
        "coordinates": [
          77.2183767,
          28.5355019
        ]
      }
    },
    {
      "type": "Feature",
      "properties": {
        "amenity": "dentist",
        "healthcare": "dentist",
        "name": "Sparkle",
        "_osm_type": "node",
        "_osm_id": 5960818473,
        "_source": "OpenStreetMap contributors via Overpass API (https://overpass-api.de/api/interpreter)",
        "_fetched_at": "2026-07-07T07:27:58Z",
        "_status": "ok",
        "_note": "Overpass bbox query, 312 raw elements (310 node/way features kept). 2 relation(s) skipped (multipolygon reconstruction not implemented) -- see osm_ids [8800378, 20982995]."
      },
      "geometry": {
        "type": "Point",
        "coordinates": [
          77.2170482,
          28.534297
        ]
      }
    },
    {
      "type": "Feature",
      "properties": {
        "addr:housenumber": "171a",
        "addr:street": "main Khidki road",
        "amenity": "school",
        "name": "Swarn public school",
        "_osm_type": "node",
        "_osm_id": 5960818475,
        "_source": "OpenStreetMap contributors via Overpass API (https://overpass-api.de/api/interpreter)",
        "_fetched_at": "2026-07-07T07:27:58Z",
        "_status": "ok",
        "_note": "Overpass bbox query, 312 raw elements (310 node/way features kept). 2 relation(s) skipped (multipolygon reconstruction not implemented) -- see osm_ids [8800378, 20982995]."
      },
      "geometry": {
        "type": "Point",
        "coordinates": [
          77.2185763,
          28.5330124
        ]
      }
    },
    {
      "type": "Feature",
      "properties": {
        "amenity": "dentist",
        "healthcare": "dentist",
        "name": "Hi -tech",
        "_osm_type": "node",
        "_osm_id": 5960820190,
        "_source": "OpenStreetMap contributors via Overpass API (https://overpass-api.de/api/interpreter)",
        "_fetched_at": "2026-07-07T07:27:58Z",
        "_status": "ok",
        "_note": "Overpass bbox query, 312 raw elements (310 node/way features kept). 2 relation(s) skipped (multipolygon reconstruction not implemented) -- see osm_ids [8800378, 20982995]."
      },
      "geometry": {
        "type": "Point",
        "coordinates": [
          77.2167543,
          28.5353341
        ]
      }
    },
    {
      "type": "Feature",
      "properties": {
        "amenity": "pharmacy",
        "healthcare": "pharmacy",
        "name": "health care medicos",
        "_osm_type": "node",
        "_osm_id": 5960821087,
        "_source": "OpenStreetMap contributors via Overpass API (https://overpass-api.de/api/interpreter)",
        "_fetched_at": "2026-07-07T07:27:58Z",
        "_status": "ok",
        "_note": "Overpass bbox query, 312 raw elements (310 node/way features kept). 2 relation(s) skipped (multipolygon reconstruction not implemented) -- see osm_ids [8800378, 20982995]."
      },
      "geometry": {
        "type": "Point",
        "coordinates": [
          77.2168741,
          28.5347196
        ]
      }
    },
    {
      "type": "Feature",
      "properties": {
        "amenity": "clinic",
        "healthcare": "clinic",
        "healthcare:speciality": "dentist;physiotherapy",
        "name": "prakash dental care and physiotherapy",
        "opening_hours": "Su 09:30-01:00, Su 05:30-08:00",
        "_osm_type": "node",
        "_osm_id": 5960832485,
        "_source": "OpenStreetMap contributors via Overpass API (https://overpass-api.de/api/interpreter)",
        "_fetched_at": "2026-07-07T07:27:58Z",
        "_status": "ok",
        "_note": "Overpass bbox query, 312 raw elements (310 node/way features kept). 2 relation(s) skipped (multipolygon reconstruction not implemented) -- see osm_ids [8800378, 20982995]."
      },
      "geometry": {
        "type": "Point",
        "coordinates": [
          77.217287,
          28.5328426
        ]
      }
    },
    {
      "type": "Feature",
      "properties": {
        "amenity": "school",
        "name": "swarn public school",
        "_osm_type": "node",
        "_osm_id": 5960921887,
        "_source": "OpenStreetMap contributors via Overpass API (https://overpass-api.de/api/interpreter)",
        "_fetched_at": "2026-07-07T07:27:58Z",
        "_status": "ok",
        "_note": "Overpass bbox query, 312 raw elements (310 node/way features kept). 2 relation(s) skipped (multipolygon reconstruction not implemented) -- see osm_ids [8800378, 20982995]."
      },
      "geometry": {
        "type": "Point",
        "coordinates": [
          77.219553,
          28.5332175
        ]
      }
    },
    {
      "type": "Feature",
      "properties": {
        "amenity": "pharmacy",
        "healthcare": "pharmacy",
        "name": "JKM medecos",
        "_osm_type": "node",
        "_osm_id": 5960921987,
        "_source": "OpenStreetMap contributors via Overpass API (https://overpass-api.de/api/interpreter)",
        "_fetched_at": "2026-07-07T07:27:58Z",
        "_status": "ok",
        "_note": "Overpass bbox query, 312 raw elements (310 node/way features kept). 2 relation(s) skipped (multipolygon reconstruction not implemented) -- see osm_ids [8800378, 20982995]."
      },
      "geometry": {
        "type": "Point",
        "coordinates": [
          77.2220785,
          28.5344046
        ]
      }
    },
    {
      "type": "Feature",
      "properties": {
        "amenity": "drinking_water",
        "_osm_type": "node",
        "_osm_id": 5998710658,
        "_source": "OpenStreetMap contributors via Overpass API (https://overpass-api.de/api/interpreter)",
        "_fetched_at": "2026-07-07T07:27:58Z",
        "_status": "ok",
        "_note": "Overpass bbox query, 312 raw elements (310 node/way features kept). 2 relation(s) skipped (multipolygon reconstruction not implemented) -- see osm_ids [8800378, 20982995]."
      },
      "geometry": {
        "type": "Point",
        "coordinates": [
          77.2103074,
          28.5491933
        ]
      }
    },
    {
      "type": "Feature",
      "properties": {
        "addr:place": "Malviya Nagar",
        "addr:postcode": "110017",
        "amenity": "college",
        "name": "Sri Aurobindo College",
        "_osm_type": "node",
        "_osm_id": 5998710661,
        "_source": "OpenStreetMap contributors via Overpass API (https://overpass-api.de/api/interpreter)",
        "_fetched_at": "2026-07-07T07:27:58Z",
        "_status": "ok",
        "_note": "Overpass bbox query, 312 raw elements (310 node/way features kept). 2 relation(s) skipped (multipolygon reconstruction not implemented) -- see osm_ids [8800378, 20982995]."
      },
      "geometry": {
        "type": "Point",
        "coordinates": [
          77.2042952,
          28.5328393
        ]
      }
    },
    {
      "type": "Feature",
      "properties": {
        "amenity": "pharmacy",
        "name": "Batra Medicos",
        "_osm_type": "node",
        "_osm_id": 6064335435,
        "_source": "OpenStreetMap contributors via Overpass API (https://overpass-api.de/api/interpreter)",
        "_fetched_at": "2026-07-07T07:27:58Z",
        "_status": "ok",
        "_note": "Overpass bbox query, 312 raw elements (310 node/way features kept). 2 relation(s) skipped (multipolygon reconstruction not implemented) -- see osm_ids [8800378, 20982995]."
      },
      "geometry": {
        "type": "Point",
        "coordinates": [
          77.2087722,
          28.5336885
        ]
      }
    },
    {
      "type": "Feature",
      "properties": {
        "amenity": "toilets",
        "fee": "no",
        "_osm_type": "node",
        "_osm_id": 6077096434,
        "_source": "OpenStreetMap contributors via Overpass API (https://overpass-api.de/api/interpreter)",
        "_fetched_at": "2026-07-07T07:27:58Z",
        "_status": "ok",
        "_note": "Overpass bbox query, 312 raw elements (310 node/way features kept). 2 relation(s) skipped (multipolygon reconstruction not implemented) -- see osm_ids [8800378, 20982995]."
      },
      "geometry": {
        "type": "Point",
        "coordinates": [
          77.208181,
          28.5675518
        ]
      }
    },
    {
      "type": "Feature",
      "properties": {
        "amenity": "toilets",
        "fee": "no",
        "opening_hours": "Mo-Su 04:00-22:00",
        "_osm_type": "node",
        "_osm_id": 6110288722,
        "_source": "OpenStreetMap contributors via Overpass API (https://overpass-api.de/api/interpreter)",
        "_fetched_at": "2026-07-07T07:27:58Z",
        "_status": "ok",
        "_note": "Overpass bbox query, 312 raw elements (310 node/way features kept). 2 relation(s) skipped (multipolygon reconstruction not implemented) -- see osm_ids [8800378, 20982995]."
      },
      "geometry": {
        "type": "Point",
        "coordinates": [
          77.2091772,
          28.5438224
        ]
      }
    },
    {
      "type": "Feature",
      "properties": {
        "amenity": "pharmacy",
        "contact:phone": "+91-11-4666-5301;+91-11-4666-5302;+91-11-4666-5303;+91-11-2658-9896;+91-11-2658-8210",
        "name": "All India Medicos",
        "opening_hours": "24/7",
        "wheelchair": "no",
        "_osm_type": "node",
        "_osm_id": 6120508692,
        "_source": "OpenStreetMap contributors via Overpass API (https://overpass-api.de/api/interpreter)",
        "_fetched_at": "2026-07-07T07:27:58Z",
        "_status": "ok",
        "_note": "Overpass bbox query, 312 raw elements (310 node/way features kept). 2 relation(s) skipped (multipolygon reconstruction not implemented) -- see osm_ids [8800378, 20982995]."
      },
      "geometry": {
        "type": "Point",
        "coordinates": [
          77.2076233,
          28.5618572
        ]
      }
    },
    {
      "type": "Feature",
      "properties": {
        "amenity": "toilets",
        "fee": "no",
        "_osm_type": "node",
        "_osm_id": 6148020193,
        "_source": "OpenStreetMap contributors via Overpass API (https://overpass-api.de/api/interpreter)",
        "_fetched_at": "2026-07-07T07:27:58Z",
        "_status": "ok",
        "_note": "Overpass bbox query, 312 raw elements (310 node/way features kept). 2 relation(s) skipped (multipolygon reconstruction not implemented) -- see osm_ids [8800378, 20982995]."
      },
      "geometry": {
        "type": "Point",
        "coordinates": [
          77.2077124,
          28.5642484
        ]
      }
    },
    {
      "type": "Feature",
      "properties": {
        "addr:district": "South",
        "addr:full": "NITRD, Sri Aurobindo Marg, Near Qutub minar",
        "addr:postcode": "110030",
        "addr:state": "Delhi",
        "amenity": "hospital",
        "contact:phone": "1.13E+42",
        "description": ">500 Bedded Hospital",
        "healthcare": "hospital",
        "name": "National Institute of TB and Respiratory Diseases",
        "source": "OpenGovernmentData",
        "_osm_type": "node",
        "_osm_id": 6257609191,
        "_source": "OpenStreetMap contributors via Overpass API (https://overpass-api.de/api/interpreter)",
        "_fetched_at": "2026-07-07T07:27:58Z",
        "_status": "ok",
        "_note": "Overpass bbox query, 312 raw elements (310 node/way features kept). 2 relation(s) skipped (multipolygon reconstruction not implemented) -- see osm_ids [8800378, 20982995]."
      },
      "geometry": {
        "type": "Point",
        "coordinates": [
          77.1900425,
          28.529118
        ]
      }
    },
    {
      "type": "Feature",
      "properties": {
        "addr:district": "Malviya Nagar",
        "addr:housenumber": "C-10",
        "addr:street": "Basant Kaur Marg",
        "addr:subdistrict": "Shivalik",
        "amenity": "doctors",
        "healthcare": "doctor",
        "healthcare:speciality": "gynaecology;gastroendoscopy;obstetrics",
        "level": "1",
        "name": "Tirupati Medical Centre",
        "phone": "+91-11-4161-3543;+91-11-2668-0759;+91-98101-22475",
        "_osm_type": "node",
        "_osm_id": 6269276292,
        "_source": "OpenStreetMap contributors via Overpass API (https://overpass-api.de/api/interpreter)",
        "_fetched_at": "2026-07-07T07:27:58Z",
        "_status": "ok",
        "_note": "Overpass bbox query, 312 raw elements (310 node/way features kept). 2 relation(s) skipped (multipolygon reconstruction not implemented) -- see osm_ids [8800378, 20982995]."
      },
      "geometry": {
        "type": "Point",
        "coordinates": [
          77.2115625,
          28.5382694
        ]
      }
    },
    {
      "type": "Feature",
      "properties": {
        "amenity": "drinking_water",
        "_osm_type": "node",
        "_osm_id": 6349285038,
        "_source": "OpenStreetMap contributors via Overpass API (https://overpass-api.de/api/interpreter)",
        "_fetched_at": "2026-07-07T07:27:58Z",
        "_status": "ok",
        "_note": "Overpass bbox query, 312 raw elements (310 node/way features kept). 2 relation(s) skipped (multipolygon reconstruction not implemented) -- see osm_ids [8800378, 20982995]."
      },
      "geometry": {
        "type": "Point",
        "coordinates": [
          77.2184686,
          28.542608
        ]
      }
    },
    {
      "type": "Feature",
      "properties": {
        "amenity": "toilets",
        "fee": "no",
        "_osm_type": "node",
        "_osm_id": 6375929249,
        "_source": "OpenStreetMap contributors via Overpass API (https://overpass-api.de/api/interpreter)",
        "_fetched_at": "2026-07-07T07:27:58Z",
        "_status": "ok",
        "_note": "Overpass bbox query, 312 raw elements (310 node/way features kept). 2 relation(s) skipped (multipolygon reconstruction not implemented) -- see osm_ids [8800378, 20982995]."
      },
      "geometry": {
        "type": "Point",
        "coordinates": [
          77.2227581,
          28.5612191
        ]
      }
    },
    {
      "type": "Feature",
      "properties": {
        "access": "yes",
        "amenity": "toilets",
        "fee": "no",
        "female": "yes",
        "male": "yes",
        "opening_hours": "Mo-Su 06:00-22:00",
        "wheelchair": "designated",
        "_osm_type": "node",
        "_osm_id": 6404370462,
        "_source": "OpenStreetMap contributors via Overpass API (https://overpass-api.de/api/interpreter)",
        "_fetched_at": "2026-07-07T07:27:58Z",
        "_status": "ok",
        "_note": "Overpass bbox query, 312 raw elements (310 node/way features kept). 2 relation(s) skipped (multipolygon reconstruction not implemented) -- see osm_ids [8800378, 20982995]."
      },
      "geometry": {
        "type": "Point",
        "coordinates": [
          77.2155976,
          28.5296934
        ]
      }
    },
    {
      "type": "Feature",
      "properties": {
        "access": "yes",
        "amenity": "toilets",
        "fee": "no",
        "_osm_type": "node",
        "_osm_id": 6411389715,
        "_source": "OpenStreetMap contributors via Overpass API (https://overpass-api.de/api/interpreter)",
        "_fetched_at": "2026-07-07T07:27:58Z",
        "_status": "ok",
        "_note": "Overpass bbox query, 312 raw elements (310 node/way features kept). 2 relation(s) skipped (multipolygon reconstruction not implemented) -- see osm_ids [8800378, 20982995]."
      },
      "geometry": {
        "type": "Point",
        "coordinates": [
          77.1767011,
          28.5658588
        ]
      }
    },
    {
      "type": "Feature",
      "properties": {
        "amenity": "pharmacy",
        "_osm_type": "node",
        "_osm_id": 6411389716,
        "_source": "OpenStreetMap contributors via Overpass API (https://overpass-api.de/api/interpreter)",
        "_fetched_at": "2026-07-07T07:27:58Z",
        "_status": "ok",
        "_note": "Overpass bbox query, 312 raw elements (310 node/way features kept). 2 relation(s) skipped (multipolygon reconstruction not implemented) -- see osm_ids [8800378, 20982995]."
      },
      "geometry": {
        "type": "Point",
        "coordinates": [
          77.1850008,
          28.5407863
        ]
      }
    },
    {
      "type": "Feature",
      "properties": {
        "access": "yes",
        "amenity": "toilets",
        "fee": "no",
        "female": "yes",
        "male": "yes",
        "_osm_type": "node",
        "_osm_id": 6473646421,
        "_source": "OpenStreetMap contributors via Overpass API (https://overpass-api.de/api/interpreter)",
        "_fetched_at": "2026-07-07T07:27:58Z",
        "_status": "ok",
        "_note": "Overpass bbox query, 312 raw elements (310 node/way features kept). 2 relation(s) skipped (multipolygon reconstruction not implemented) -- see osm_ids [8800378, 20982995]."
      },
      "geometry": {
        "type": "Point",
        "coordinates": [
          77.19732,
          28.5541872
        ]
      }
    },
    {
      "type": "Feature",
      "properties": {
        "access": "yes",
        "amenity": "toilets",
        "fee": "yes",
        "female": "yes",
        "male": "yes",
        "operator": "Sulabh International",
        "operator:wikidata": "Q3064151",
        "wheelchair": "yes",
        "_osm_type": "node",
        "_osm_id": 6474960123,
        "_source": "OpenStreetMap contributors via Overpass API (https://overpass-api.de/api/interpreter)",
        "_fetched_at": "2026-07-07T07:27:58Z",
        "_status": "ok",
        "_note": "Overpass bbox query, 312 raw elements (310 node/way features kept). 2 relation(s) skipped (multipolygon reconstruction not implemented) -- see osm_ids [8800378, 20982995]."
      },
      "geometry": {
        "type": "Point",
        "coordinates": [
          77.1955933,
          28.5465968
        ]
      }
    },
    {
      "type": "Feature",
      "properties": {
        "access": "yes",
        "amenity": "toilets",
        "fee": "no",
        "female": "yes",
        "male": "yes",
        "wheelchair": "designated",
        "_osm_type": "node",
        "_osm_id": 6475002027,
        "_source": "OpenStreetMap contributors via Overpass API (https://overpass-api.de/api/interpreter)",
        "_fetched_at": "2026-07-07T07:27:58Z",
        "_status": "ok",
        "_note": "Overpass bbox query, 312 raw elements (310 node/way features kept). 2 relation(s) skipped (multipolygon reconstruction not implemented) -- see osm_ids [8800378, 20982995]."
      },
      "geometry": {
        "type": "Point",
        "coordinates": [
          77.2076039,
          28.567348
        ]
      }
    },
    {
      "type": "Feature",
      "properties": {
        "amenity": "pharmacy",
        "name": "Baba Nanak Medicos",
        "_osm_type": "node",
        "_osm_id": 6620973565,
        "_source": "OpenStreetMap contributors via Overpass API (https://overpass-api.de/api/interpreter)",
        "_fetched_at": "2026-07-07T07:27:58Z",
        "_status": "ok",
        "_note": "Overpass bbox query, 312 raw elements (310 node/way features kept). 2 relation(s) skipped (multipolygon reconstruction not implemented) -- see osm_ids [8800378, 20982995]."
      },
      "geometry": {
        "type": "Point",
        "coordinates": [
          77.198593,
          28.5381556
        ]
      }
    },
    {
      "type": "Feature",
      "properties": {
        "amenity": "drinking_water",
        "_osm_type": "node",
        "_osm_id": 6739048220,
        "_source": "OpenStreetMap contributors via Overpass API (https://overpass-api.de/api/interpreter)",
        "_fetched_at": "2026-07-07T07:27:58Z",
        "_status": "ok",
        "_note": "Overpass bbox query, 312 raw elements (310 node/way features kept). 2 relation(s) skipped (multipolygon reconstruction not implemented) -- see osm_ids [8800378, 20982995]."
      },
      "geometry": {
        "type": "Point",
        "coordinates": [
          77.222679,
          28.5612218
        ]
      }
    },
    {
      "type": "Feature",
      "properties": {
        "amenity": "hospital",
        "healthcare": "hospital",
        "name": "Diyos",
        "_osm_type": "node",
        "_osm_id": 6771396260,
        "_source": "OpenStreetMap contributors via Overpass API (https://overpass-api.de/api/interpreter)",
        "_fetched_at": "2026-07-07T07:27:58Z",
        "_status": "ok",
        "_note": "Overpass bbox query, 312 raw elements (310 node/way features kept). 2 relation(s) skipped (multipolygon reconstruction not implemented) -- see osm_ids [8800378, 20982995]."
      },
      "geometry": {
        "type": "Point",
        "coordinates": [
          77.1946519,
          28.5660178
        ]
      }
    },
    {
      "type": "Feature",
      "properties": {
        "access": "yes",
        "amenity": "toilets",
        "operator": "SDMC",
        "_osm_type": "node",
        "_osm_id": 6779419599,
        "_source": "OpenStreetMap contributors via Overpass API (https://overpass-api.de/api/interpreter)",
        "_fetched_at": "2026-07-07T07:27:58Z",
        "_status": "ok",
        "_note": "Overpass bbox query, 312 raw elements (310 node/way features kept). 2 relation(s) skipped (multipolygon reconstruction not implemented) -- see osm_ids [8800378, 20982995]."
      },
      "geometry": {
        "type": "Point",
        "coordinates": [
          77.217922,
          28.5403845
        ]
      }
    },
    {
      "type": "Feature",
      "properties": {
        "amenity": "hospital",
        "healthcare": "hospital",
        "name": "Aakash Hospital",
        "_osm_type": "node",
        "_osm_id": 6779419616,
        "_source": "OpenStreetMap contributors via Overpass API (https://overpass-api.de/api/interpreter)",
        "_fetched_at": "2026-07-07T07:27:58Z",
        "_status": "ok",
        "_note": "Overpass bbox query, 312 raw elements (310 node/way features kept). 2 relation(s) skipped (multipolygon reconstruction not implemented) -- see osm_ids [8800378, 20982995]."
      },
      "geometry": {
        "type": "Point",
        "coordinates": [
          77.2148651,
          28.5350359
        ]
      }
    },
    {
      "type": "Feature",
      "properties": {
        "access": "yes",
        "amenity": "toilets",
        "fee": "yes",
        "female": "yes",
        "level": "0",
        "male": "yes",
        "wheelchair": "designated",
        "_osm_type": "node",
        "_osm_id": 6779419617,
        "_source": "OpenStreetMap contributors via Overpass API (https://overpass-api.de/api/interpreter)",
        "_fetched_at": "2026-07-07T07:27:58Z",
        "_status": "ok",
        "_note": "Overpass bbox query, 312 raw elements (310 node/way features kept). 2 relation(s) skipped (multipolygon reconstruction not implemented) -- see osm_ids [8800378, 20982995]."
      },
      "geometry": {
        "type": "Point",
        "coordinates": [
          77.2053946,
          28.5280736
        ]
      }
    },
    {
      "type": "Feature",
      "properties": {
        "amenity": "toilets",
        "disused:amenity": "toilets",
        "_osm_type": "node",
        "_osm_id": 6779419632,
        "_source": "OpenStreetMap contributors via Overpass API (https://overpass-api.de/api/interpreter)",
        "_fetched_at": "2026-07-07T07:27:58Z",
        "_status": "ok",
        "_note": "Overpass bbox query, 312 raw elements (310 node/way features kept). 2 relation(s) skipped (multipolygon reconstruction not implemented) -- see osm_ids [8800378, 20982995]."
      },
      "geometry": {
        "type": "Point",
        "coordinates": [
          77.2129216,
          28.534917
        ]
      }
    },
    {
      "type": "Feature",
      "properties": {
        "addr:housenumber": "168",
        "addr:place": "Humayunpur Village",
        "addr:postcode": "110029",
        "addr:street": "Chaudhary Harsukh Marg",
        "addr:unit": "2",
        "amenity": "pharmacy",
        "level": "0",
        "name": "Kunal Medicos",
        "opening_hours": "Mo-Su,PH 10:00+",
        "phone": "+91-93508-27420",
        "_osm_type": "node",
        "_osm_id": 6785996658,
        "_source": "OpenStreetMap contributors via Overpass API (https://overpass-api.de/api/interpreter)",
        "_fetched_at": "2026-07-07T07:27:58Z",
        "_status": "ok",
        "_note": "Overpass bbox query, 312 raw elements (310 node/way features kept). 2 relation(s) skipped (multipolygon reconstruction not implemented) -- see osm_ids [8800378, 20982995]."
      },
      "geometry": {
        "type": "Point",
        "coordinates": [
          77.193971,
          28.5614532
        ]
      }
    },
    {
      "type": "Feature",
      "properties": {
        "amenity": "school",
        "operator:type": "public",
        "_osm_type": "node",
        "_osm_id": 6966287278,
        "_source": "OpenStreetMap contributors via Overpass API (https://overpass-api.de/api/interpreter)",
        "_fetched_at": "2026-07-07T07:27:58Z",
        "_status": "ok",
        "_note": "Overpass bbox query, 312 raw elements (310 node/way features kept). 2 relation(s) skipped (multipolygon reconstruction not implemented) -- see osm_ids [8800378, 20982995]."
      },
      "geometry": {
        "type": "Point",
        "coordinates": [
          77.2134518,
          28.5369319
        ]
      }
    },
    {
      "type": "Feature",
      "properties": {
        "amenity": "hospital",
        "emergency": "yes",
        "healthcare": "hospital",
        "name": "AIIMS Emergency",
        "_osm_type": "node",
        "_osm_id": 7130306819,
        "_source": "OpenStreetMap contributors via Overpass API (https://overpass-api.de/api/interpreter)",
        "_fetched_at": "2026-07-07T07:27:58Z",
        "_status": "ok",
        "_note": "Overpass bbox query, 312 raw elements (310 node/way features kept). 2 relation(s) skipped (multipolygon reconstruction not implemented) -- see osm_ids [8800378, 20982995]."
      },
      "geometry": {
        "type": "Point",
        "coordinates": [
          77.2096335,
          28.567441
        ]
      }
    },
    {
      "type": "Feature",
      "properties": {
        "access": "yes",
        "amenity": "toilets",
        "fee": "yes",
        "female": "yes",
        "male": "yes",
        "wheelchair": "designated",
        "_osm_type": "node",
        "_osm_id": 7132728667,
        "_source": "OpenStreetMap contributors via Overpass API (https://overpass-api.de/api/interpreter)",
        "_fetched_at": "2026-07-07T07:27:58Z",
        "_status": "ok",
        "_note": "Overpass bbox query, 312 raw elements (310 node/way features kept). 2 relation(s) skipped (multipolygon reconstruction not implemented) -- see osm_ids [8800378, 20982995]."
      },
      "geometry": {
        "type": "Point",
        "coordinates": [
          77.1956479,
          28.5467188
        ]
      }
    },
    {
      "type": "Feature",
      "properties": {
        "addr:city": "New Delhi",
        "addr:district": "New Delhi",
        "addr:full": "Q no 825, Opposite Police Station Sec 4 R K Puram",
        "addr:housenumber": "Sector-4",
        "addr:postcode": "110022",
        "addr:state": "Delhi",
        "addr:street": "Swami Vivekananda Marg",
        "amenity": "clinic",
        "contact:phone": "011-26183201",
        "description": "CGHS Center",
        "health_facility:type": "dispensary",
        "healthcare": "centre",
        "healthcare:speciality": "general",
        "name": "CGHS Dispensery, R K Puram",
        "opening_hours": "Mo-Sa 08:00-14:00",
        "source": "OpenGovernmentData",
        "_osm_type": "node",
        "_osm_id": 7138493165,
        "_source": "OpenStreetMap contributors via Overpass API (https://overpass-api.de/api/interpreter)",
        "_fetched_at": "2026-07-07T07:27:58Z",
        "_status": "ok",
        "_note": "Overpass bbox query, 312 raw elements (310 node/way features kept). 2 relation(s) skipped (multipolygon reconstruction not implemented) -- see osm_ids [8800378, 20982995]."
      },
      "geometry": {
        "type": "Point",
        "coordinates": [
          77.1791219,
          28.5629319
        ]
      }
    },
    {
      "type": "Feature",
      "properties": {
        "addr:district": "South",
        "addr:full": "B-7 Ext./126A, Safdarjung Enclave, Arjun Nagar, New Delhi, Delhi 110029",
        "addr:postcode": "110029",
        "addr:state": "Delhi",
        "amenity": "hospital",
        "contact:phone": "011 2619 4000",
        "description": "<100 Bedded Hospital",
        "name": "Sukhmani Hospital",
        "source": "OpenGovernmentData",
        "_osm_type": "node",
        "_osm_id": 7138534316,
        "_source": "OpenStreetMap contributors via Overpass API (https://overpass-api.de/api/interpreter)",
        "_fetched_at": "2026-07-07T07:27:58Z",
        "_status": "ok",
        "_note": "Overpass bbox query, 312 raw elements (310 node/way features kept). 2 relation(s) skipped (multipolygon reconstruction not implemented) -- see osm_ids [8800378, 20982995]."
      },
      "geometry": {
        "type": "Point",
        "coordinates": [
          77.2005001,
          28.5597233
        ]
      }
    },
    {
      "type": "Feature",
      "properties": {
        "addr:district": "South",
        "addr:full": "Near Post Office, 100, Malviya Nagar, Khirki Extension, Malviya Nagar",
        "addr:postcode": "110017",
        "addr:state": "Delhi",
        "amenity": "hospital",
        "contact:phone": "26689911",
        "description": "<100 Bedded Hospital",
        "healthcare": "hospital",
        "name": "Vardaan Hospital",
        "source": "OpenGovernmentData",
        "_osm_type": "node",
        "_osm_id": 7138534317,
        "_source": "OpenStreetMap contributors via Overpass API (https://overpass-api.de/api/interpreter)",
        "_fetched_at": "2026-07-07T07:27:58Z",
        "_status": "ok",
        "_note": "Overpass bbox query, 312 raw elements (310 node/way features kept). 2 relation(s) skipped (multipolygon reconstruction not implemented) -- see osm_ids [8800378, 20982995]."
      },
      "geometry": {
        "type": "Point",
        "coordinates": [
          77.2149447,
          28.5372268
        ]
      }
    },
    {
      "type": "Feature",
      "properties": {
        "addr:district": "South",
        "addr:full": "Senior Secondary School, Nil Block, Shri Ram Lane Malviya Nagar, New Delhi",
        "addr:postcode": "110017",
        "addr:state": "Delhi",
        "amenity": "clinic",
        "contact:phone": "26671494",
        "description": "Dispensaries",
        "health_facility:type": "dispensary",
        "healthcare": "centre",
        "name": "CGHS, Malviya Nagar",
        "source": "OpenGovernmentData",
        "_osm_type": "node",
        "_osm_id": 7138534319,
        "_source": "OpenStreetMap contributors via Overpass API (https://overpass-api.de/api/interpreter)",
        "_fetched_at": "2026-07-07T07:27:58Z",
        "_status": "ok",
        "_note": "Overpass bbox query, 312 raw elements (310 node/way features kept). 2 relation(s) skipped (multipolygon reconstruction not implemented) -- see osm_ids [8800378, 20982995]."
      },
      "geometry": {
        "type": "Point",
        "coordinates": [
          77.212134,
          28.534181
        ]
      }
    },
    {
      "type": "Feature",
      "properties": {
        "addr:district": "South",
        "addr:full": "Likhas Nursing Home,D-62, Hauz Khas, Delhi - 110016",
        "addr:postcode": "110016",
        "addr:state": "Delhi",
        "amenity": "hospital",
        "contact:phone": "2659203",
        "description": "<100 Bedded Hospital",
        "name": "Leekha Nursing Home",
        "source": "OpenGovernmentData",
        "_osm_type": "node",
        "_osm_id": 7138534325,
        "_source": "OpenStreetMap contributors via Overpass API (https://overpass-api.de/api/interpreter)",
        "_fetched_at": "2026-07-07T07:27:58Z",
        "_status": "ok",
        "_note": "Overpass bbox query, 312 raw elements (310 node/way features kept). 2 relation(s) skipped (multipolygon reconstruction not implemented) -- see osm_ids [8800378, 20982995]."
      },
      "geometry": {
        "type": "Point",
        "coordinates": [
          77.2080381,
          28.5520278
        ]
      }
    },
    {
      "type": "Feature",
      "properties": {
        "addr:district": "South",
        "addr:full": "Begumpur, Malviya Nagar, New-Delhi.110017, Begumpur, Malviya Nagar",
        "addr:postcode": "110017",
        "addr:state": "Delhi",
        "amenity": "clinic",
        "contact:phone": "011-266653171",
        "description": "Dispensaries",
        "health_facility:type": "dispensary",
        "healthcare": "centre",
        "name": "DGD, Begumpur",
        "source": "OpenGovernmentData",
        "_osm_type": "node",
        "_osm_id": 7138534332,
        "_source": "OpenStreetMap contributors via Overpass API (https://overpass-api.de/api/interpreter)",
        "_fetched_at": "2026-07-07T07:27:58Z",
        "_status": "ok",
        "_note": "Overpass bbox query, 312 raw elements (310 node/way features kept). 2 relation(s) skipped (multipolygon reconstruction not implemented) -- see osm_ids [8800378, 20982995]."
      },
      "geometry": {
        "type": "Point",
        "coordinates": [
          77.2078324,
          28.5393048
        ]
      }
    },
    {
      "type": "Feature",
      "properties": {
        "addr:district": "South",
        "addr:full": "B-33-34, Qutab Institutional Area, Katwaria Sarai",
        "addr:postcode": "110016",
        "addr:state": "Delhi",
        "amenity": "hospital",
        "contact:phone": "47667100",
        "name": "Medeor Hospital",
        "source": "OpenGovernmentData",
        "_osm_type": "node",
        "_osm_id": 7138534339,
        "_source": "OpenStreetMap contributors via Overpass API (https://overpass-api.de/api/interpreter)",
        "_fetched_at": "2026-07-07T07:27:58Z",
        "_status": "ok",
        "_note": "Overpass bbox query, 312 raw elements (310 node/way features kept). 2 relation(s) skipped (multipolygon reconstruction not implemented) -- see osm_ids [8800378, 20982995]."
      },
      "geometry": {
        "type": "Point",
        "coordinates": [
          77.1810712,
          28.5374555
        ]
      }
    },
    {
      "type": "Feature",
      "properties": {
        "addr:district": "South",
        "addr:full": "Panchsheel Enclave, No. 7/5, Sarva Priya Vihar, New Delhi, Delhi 110016",
        "addr:postcode": "110016",
        "addr:state": "Delhi",
        "amenity": "hospital",
        "contact:phone": "011 4727 2800",
        "description": "<100 Bedded Hospital",
        "healthcare": "hospital",
        "name": "Healing Touch Hospital",
        "source": "OpenGovernmentData",
        "_osm_type": "node",
        "_osm_id": 7138534385,
        "_source": "OpenStreetMap contributors via Overpass API (https://overpass-api.de/api/interpreter)",
        "_fetched_at": "2026-07-07T07:27:58Z",
        "_status": "ok",
        "_note": "Overpass bbox query, 312 raw elements (310 node/way features kept). 2 relation(s) skipped (multipolygon reconstruction not implemented) -- see osm_ids [8800378, 20982995]."
      },
      "geometry": {
        "type": "Point",
        "coordinates": [
          77.2073754,
          28.5427709
        ]
      }
    },
    {
      "type": "Feature",
      "properties": {
        "addr:district": "South",
        "addr:full": "15/199, Geetanjali Marg, Block E, Malviya Nagar, New Delhi",
        "addr:postcode": "110017",
        "addr:state": "Delhi",
        "amenity": "hospital",
        "contact:phone": "1126680247",
        "description": "<100 Bedded Hospital",
        "name": "Sunil Hospital and Nursing Home",
        "source": "OpenGovernmentData",
        "_osm_type": "node",
        "_osm_id": 7138534395,
        "_source": "OpenStreetMap contributors via Overpass API (https://overpass-api.de/api/interpreter)",
        "_fetched_at": "2026-07-07T07:27:58Z",
        "_status": "ok",
        "_note": "Overpass bbox query, 312 raw elements (310 node/way features kept). 2 relation(s) skipped (multipolygon reconstruction not implemented) -- see osm_ids [8800378, 20982995]."
      },
      "geometry": {
        "type": "Point",
        "coordinates": [
          77.2091623,
          28.5358718
        ]
      }
    },
    {
      "type": "Feature",
      "properties": {
        "addr:district": "South",
        "addr:full": "DGD Ber Sarai Opp Main Gate, JNU (Old Complex),New-Delhi.110016",
        "addr:postcode": "110016",
        "addr:state": "Delhi",
        "amenity": "clinic",
        "description": "Dispensaries",
        "health_facility:type": "dispensary",
        "healthcare": "centre",
        "name": "DGD, Bersarai",
        "source": "OpenGovernmentData",
        "_osm_type": "node",
        "_osm_id": 7138534397,
        "_source": "OpenStreetMap contributors via Overpass API (https://overpass-api.de/api/interpreter)",
        "_fetched_at": "2026-07-07T07:27:58Z",
        "_status": "ok",
        "_note": "Overpass bbox query, 312 raw elements (310 node/way features kept). 2 relation(s) skipped (multipolygon reconstruction not implemented) -- see osm_ids [8800378, 20982995]."
      },
      "geometry": {
        "type": "Point",
        "coordinates": [
          77.1828681,
          28.5489027
        ]
      }
    },
    {
      "type": "Feature",
      "properties": {
        "addr:district": "South",
        "addr:full": "11/137,138, Malviya Nagar, New Delhi",
        "addr:postcode": "110017",
        "addr:state": "Delhi",
        "amenity": "hospital",
        "contact:phone": "2668 3681",
        "description": "<100 Bedded Hospital",
        "name": "Vibhu Nursing Home",
        "source": "OpenGovernmentData",
        "_osm_type": "node",
        "_osm_id": 7138534407,
        "_source": "OpenStreetMap contributors via Overpass API (https://overpass-api.de/api/interpreter)",
        "_fetched_at": "2026-07-07T07:27:58Z",
        "_status": "ok",
        "_note": "Overpass bbox query, 312 raw elements (310 node/way features kept). 2 relation(s) skipped (multipolygon reconstruction not implemented) -- see osm_ids [8800378, 20982995]."
      },
      "geometry": {
        "type": "Point",
        "coordinates": [
          77.2083916,
          28.5347579
        ]
      }
    },
    {
      "type": "Feature",
      "properties": {
        "addr:district": "South",
        "addr:full": "Satyam Medical Centre, 115/1, Katwaria Sarai, New Delhi",
        "addr:postcode": "110016",
        "addr:state": "Delhi",
        "amenity": "hospital",
        "contact:phone": "1141688372",
        "description": "<100 Bedded Hospital",
        "name": "Satyam Medical Centre",
        "source": "OpenGovernmentData",
        "_osm_type": "node",
        "_osm_id": 7138534411,
        "_source": "OpenStreetMap contributors via Overpass API (https://overpass-api.de/api/interpreter)",
        "_fetched_at": "2026-07-07T07:27:58Z",
        "_status": "ok",
        "_note": "Overpass bbox query, 312 raw elements (310 node/way features kept). 2 relation(s) skipped (multipolygon reconstruction not implemented) -- see osm_ids [8800378, 20982995]."
      },
      "geometry": {
        "type": "Point",
        "coordinates": [
          77.1864475,
          28.5412998
        ]
      }
    },
    {
      "type": "Feature",
      "properties": {
        "amenity": "school",
        "name": "Darul Qur'an Madrasa Abdurrahman Tahfizul Qur'an",
        "operator:type": "religious",
        "religion": "muslim",
        "_osm_type": "node",
        "_osm_id": 7149092377,
        "_source": "OpenStreetMap contributors via Overpass API (https://overpass-api.de/api/interpreter)",
        "_fetched_at": "2026-07-07T07:27:58Z",
        "_status": "ok",
        "_note": "Overpass bbox query, 312 raw elements (310 node/way features kept). 2 relation(s) skipped (multipolygon reconstruction not implemented) -- see osm_ids [8800378, 20982995]."
      },
      "geometry": {
        "type": "Point",
        "coordinates": [
          77.2143363,
          28.5295756
        ]
      }
    },
    {
      "type": "Feature",
      "properties": {
        "access": "yes",
        "amenity": "toilets",
        "female": "yes",
        "male": "yes",
        "wheelchair": "no",
        "_osm_type": "node",
        "_osm_id": 7187209568,
        "_source": "OpenStreetMap contributors via Overpass API (https://overpass-api.de/api/interpreter)",
        "_fetched_at": "2026-07-07T07:27:58Z",
        "_status": "ok",
        "_note": "Overpass bbox query, 312 raw elements (310 node/way features kept). 2 relation(s) skipped (multipolygon reconstruction not implemented) -- see osm_ids [8800378, 20982995]."
      },
      "geometry": {
        "type": "Point",
        "coordinates": [
          77.1776717,
          28.5647092
        ]
      }
    },
    {
      "type": "Feature",
      "properties": {
        "amenity": "toilets",
        "_osm_type": "node",
        "_osm_id": 7187288397,
        "_source": "OpenStreetMap contributors via Overpass API (https://overpass-api.de/api/interpreter)",
        "_fetched_at": "2026-07-07T07:27:58Z",
        "_status": "ok",
        "_note": "Overpass bbox query, 312 raw elements (310 node/way features kept). 2 relation(s) skipped (multipolygon reconstruction not implemented) -- see osm_ids [8800378, 20982995]."
      },
      "geometry": {
        "type": "Point",
        "coordinates": [
          77.1814443,
          28.5607352
        ]
      }
    },
    {
      "type": "Feature",
      "properties": {
        "addr:district": "South Delhi",
        "addr:full": "B-35, Shivalik, Panchsheel Geetanjali Road, Opp. Malviya Nagar",
        "addr:postcode": "110017",
        "addr:state": "Delhi",
        "amenity": "hospital",
        "name": "Vashishta Clinics & Hospital",
        "source": "Local Knowledge",
        "_osm_type": "node",
        "_osm_id": 7544955436,
        "_source": "OpenStreetMap contributors via Overpass API (https://overpass-api.de/api/interpreter)",
        "_fetched_at": "2026-07-07T07:27:58Z",
        "_status": "ok",
        "_note": "Overpass bbox query, 312 raw elements (310 node/way features kept). 2 relation(s) skipped (multipolygon reconstruction not implemented) -- see osm_ids [8800378, 20982995]."
      },
      "geometry": {
        "type": "Point",
        "coordinates": [
          77.2079327,
          28.5352441
        ]
      }
    },
    {
      "type": "Feature",
      "properties": {
        "addr:district": "South Delhi",
        "addr:full": "1, Nav Jeevan Vihar, Shivalik, Geetanjali Marg, Adchini",
        "addr:postcode": "110017",
        "addr:state": "Delhi",
        "amenity": "hospital",
        "name": "Neptune Hospital",
        "source": "Local Knowledge",
        "_osm_type": "node",
        "_osm_id": 7544955449,
        "_source": "OpenStreetMap contributors via Overpass API (https://overpass-api.de/api/interpreter)",
        "_fetched_at": "2026-07-07T07:27:58Z",
        "_status": "ok",
        "_note": "Overpass bbox query, 312 raw elements (310 node/way features kept). 2 relation(s) skipped (multipolygon reconstruction not implemented) -- see osm_ids [8800378, 20982995]."
      },
      "geometry": {
        "type": "Point",
        "coordinates": [
          77.2026545,
          28.5324257
        ]
      }
    },
    {
      "type": "Feature",
      "properties": {
        "addr:district": "South Delhi",
        "addr:full": "Block C 1, Bhim Nagri, Hauz Khas",
        "addr:postcode": "110016",
        "addr:state": "Delhi",
        "amenity": "clinic",
        "name": "Dr. Rohatgi Clinic",
        "source": "Local Knowledge",
        "_osm_type": "node",
        "_osm_id": 7544955452,
        "_source": "OpenStreetMap contributors via Overpass API (https://overpass-api.de/api/interpreter)",
        "_fetched_at": "2026-07-07T07:27:58Z",
        "_status": "ok",
        "_note": "Overpass bbox query, 312 raw elements (310 node/way features kept). 2 relation(s) skipped (multipolygon reconstruction not implemented) -- see osm_ids [8800378, 20982995]."
      },
      "geometry": {
        "type": "Point",
        "coordinates": [
          77.200439,
          28.551695
        ]
      }
    },
    {
      "type": "Feature",
      "properties": {
        "addr:district": "South Delhi",
        "addr:full": "57-60, Captain Hitesh Mehta Marg, Shvalik, Malviya Nagar",
        "addr:postcode": "110017",
        "addr:state": "Delhi",
        "amenity": "clinic",
        "name": "Kilkari Clinic",
        "source": "Local Knowledge",
        "_osm_type": "node",
        "_osm_id": 7544955460,
        "_source": "OpenStreetMap contributors via Overpass API (https://overpass-api.de/api/interpreter)",
        "_fetched_at": "2026-07-07T07:27:58Z",
        "_status": "ok",
        "_note": "Overpass bbox query, 312 raw elements (310 node/way features kept). 2 relation(s) skipped (multipolygon reconstruction not implemented) -- see osm_ids [8800378, 20982995]."
      },
      "geometry": {
        "type": "Point",
        "coordinates": [
          77.210402,
          28.533909
        ]
      }
    },
    {
      "type": "Feature",
      "properties": {
        "addr:district": "New Delhi",
        "addr:full": "Aashlok 25 AB, Safdarjung Enclave, Near NCRMP",
        "addr:postcode": "110029",
        "addr:state": "Delhi",
        "amenity": "hospital",
        "name": "Aashlok Hospital",
        "source": "Local Knowledge",
        "_osm_type": "node",
        "_osm_id": 7544955483,
        "_source": "OpenStreetMap contributors via Overpass API (https://overpass-api.de/api/interpreter)",
        "_fetched_at": "2026-07-07T07:27:58Z",
        "_status": "ok",
        "_note": "Overpass bbox query, 312 raw elements (310 node/way features kept). 2 relation(s) skipped (multipolygon reconstruction not implemented) -- see osm_ids [8800378, 20982995]."
      },
      "geometry": {
        "type": "Point",
        "coordinates": [
          77.198976,
          28.566466
        ]
      }
    },
    {
      "type": "Feature",
      "properties": {
        "addr:district": "South Delhi",
        "addr:full": "C4-140, PT Narender Kumar Pandey Marg, Hauz Khas",
        "addr:postcode": "110016",
        "addr:state": "Delhi",
        "amenity": "clinic",
        "name": "Phoolwati Jain Poly Clinic",
        "source": "Local Knowledge",
        "_osm_type": "node",
        "_osm_id": 7544955497,
        "_source": "OpenStreetMap contributors via Overpass API (https://overpass-api.de/api/interpreter)",
        "_fetched_at": "2026-07-07T07:27:58Z",
        "_status": "ok",
        "_note": "Overpass bbox query, 312 raw elements (310 node/way features kept). 2 relation(s) skipped (multipolygon reconstruction not implemented) -- see osm_ids [8800378, 20982995]."
      },
      "geometry": {
        "type": "Point",
        "coordinates": [
          77.1981951,
          28.5504868
        ]
      }
    },
    {
      "type": "Feature",
      "properties": {
        "addr:district": "South Delhi",
        "addr:full": "B-81, Near A P J SCHOOL, Panchsheel Vihar, Sheikh Sarai",
        "addr:postcode": "110017",
        "addr:state": "Delhi",
        "amenity": "hospital",
        "healthcare": "hospital",
        "name": "Adarsh Hospital",
        "source": "Local Knowledge",
        "_osm_type": "node",
        "_osm_id": 7544955518,
        "_source": "OpenStreetMap contributors via Overpass API (https://overpass-api.de/api/interpreter)",
        "_fetched_at": "2026-07-07T07:27:58Z",
        "_status": "ok",
        "_note": "Overpass bbox query, 312 raw elements (310 node/way features kept). 2 relation(s) skipped (multipolygon reconstruction not implemented) -- see osm_ids [8800378, 20982995]."
      },
      "geometry": {
        "type": "Point",
        "coordinates": [
          77.2223229,
          28.535139
        ]
      }
    },
    {
      "type": "Feature",
      "properties": {
        "amenity": "school",
        "brand": "Kendriya Vidyalaya",
        "brand:wikidata": "Q1156653",
        "name": "Kendriya Vidyalaya",
        "operator:type": "government_non_profit",
        "_osm_type": "node",
        "_osm_id": 7730086971,
        "_source": "OpenStreetMap contributors via Overpass API (https://overpass-api.de/api/interpreter)",
        "_fetched_at": "2026-07-07T07:27:58Z",
        "_status": "ok",
        "_note": "Overpass bbox query, 312 raw elements (310 node/way features kept). 2 relation(s) skipped (multipolygon reconstruction not implemented) -- see osm_ids [8800378, 20982995]."
      },
      "geometry": {
        "type": "Point",
        "coordinates": [
          77.1779814,
          28.5610558
        ]
      }
    },
    {
      "type": "Feature",
      "properties": {
        "amenity": "clinic",
        "contact:phone": "+91-11-2619-1918;+91-78348-27779",
        "name": "Maanmati Polyclinic",
        "opening_hours:opd": "Mo-Su 17:00-21:00",
        "_osm_type": "node",
        "_osm_id": 9480755545,
        "_source": "OpenStreetMap contributors via Overpass API (https://overpass-api.de/api/interpreter)",
        "_fetched_at": "2026-07-07T07:27:58Z",
        "_status": "ok",
        "_note": "Overpass bbox query, 312 raw elements (310 node/way features kept). 2 relation(s) skipped (multipolygon reconstruction not implemented) -- see osm_ids [8800378, 20982995]."
      },
      "geometry": {
        "type": "Point",
        "coordinates": [
          77.2001304,
          28.5603685
        ]
      }
    },
    {
      "type": "Feature",
      "properties": {
        "amenity": "pharmacy",
        "contact:phone": "+91-11-4666-5301;+91-11-4666-5302;+91-11-4666-5303;+91-11-2658-9896;+91-11-2658-8210",
        "healthcare": "pharmacy",
        "name": "All India Medicos",
        "opening_hours": "24/7",
        "wheelchair": "no",
        "_osm_type": "node",
        "_osm_id": 9504594657,
        "_source": "OpenStreetMap contributors via Overpass API (https://overpass-api.de/api/interpreter)",
        "_fetched_at": "2026-07-07T07:27:58Z",
        "_status": "ok",
        "_note": "Overpass bbox query, 312 raw elements (310 node/way features kept). 2 relation(s) skipped (multipolygon reconstruction not implemented) -- see osm_ids [8800378, 20982995]."
      },
      "geometry": {
        "type": "Point",
        "coordinates": [
          77.2077732,
          28.562112
        ]
      }
    },
    {
      "type": "Feature",
      "properties": {
        "amenity": "marketplace",
        "name": "B-6 Market, Safdarjung Enclave",
        "_osm_type": "node",
        "_osm_id": 10231164570,
        "_source": "OpenStreetMap contributors via Overpass API (https://overpass-api.de/api/interpreter)",
        "_fetched_at": "2026-07-07T07:27:58Z",
        "_status": "ok",
        "_note": "Overpass bbox query, 312 raw elements (310 node/way features kept). 2 relation(s) skipped (multipolygon reconstruction not implemented) -- see osm_ids [8800378, 20982995]."
      },
      "geometry": {
        "type": "Point",
        "coordinates": [
          77.1965879,
          28.559017
        ]
      }
    },
    {
      "type": "Feature",
      "properties": {
        "amenity": "toilets",
        "_osm_type": "node",
        "_osm_id": 10232914053,
        "_source": "OpenStreetMap contributors via Overpass API (https://overpass-api.de/api/interpreter)",
        "_fetched_at": "2026-07-07T07:27:58Z",
        "_status": "ok",
        "_note": "Overpass bbox query, 312 raw elements (310 node/way features kept). 2 relation(s) skipped (multipolygon reconstruction not implemented) -- see osm_ids [8800378, 20982995]."
      },
      "geometry": {
        "type": "Point",
        "coordinates": [
          77.2179347,
          28.5638695
        ]
      }
    },
    {
      "type": "Feature",
      "properties": {
        "addr:pincode": "110016",
        "amenity": "post_office",
        "name": "India Post, Hauz Khas",
        "operator": "India Post",
        "operator:wikidata": "Q3519720",
        "_osm_type": "node",
        "_osm_id": 10250310819,
        "_source": "OpenStreetMap contributors via Overpass API (https://overpass-api.de/api/interpreter)",
        "_fetched_at": "2026-07-07T07:27:58Z",
        "_status": "ok",
        "_note": "Overpass bbox query, 312 raw elements (310 node/way features kept). 2 relation(s) skipped (multipolygon reconstruction not implemented) -- see osm_ids [8800378, 20982995]."
      },
      "geometry": {
        "type": "Point",
        "coordinates": [
          77.2016052,
          28.5459154
        ]
      }
    },
    {
      "type": "Feature",
      "properties": {
        "amenity": "toilets",
        "_osm_type": "node",
        "_osm_id": 10259317915,
        "_source": "OpenStreetMap contributors via Overpass API (https://overpass-api.de/api/interpreter)",
        "_fetched_at": "2026-07-07T07:27:58Z",
        "_status": "ok",
        "_note": "Overpass bbox query, 312 raw elements (310 node/way features kept). 2 relation(s) skipped (multipolygon reconstruction not implemented) -- see osm_ids [8800378, 20982995]."
      },
      "geometry": {
        "type": "Point",
        "coordinates": [
          77.186077,
          28.5261801
        ]
      }
    },
    {
      "type": "Feature",
      "properties": {
        "amenity": "pharmacy",
        "name": "The Helpline Pharmacy",
        "opening_hours": "24/7",
        "_osm_type": "node",
        "_osm_id": 10574458710,
        "_source": "OpenStreetMap contributors via Overpass API (https://overpass-api.de/api/interpreter)",
        "_fetched_at": "2026-07-07T07:27:58Z",
        "_status": "ok",
        "_note": "Overpass bbox query, 312 raw elements (310 node/way features kept). 2 relation(s) skipped (multipolygon reconstruction not implemented) -- see osm_ids [8800378, 20982995]."
      },
      "geometry": {
        "type": "Point",
        "coordinates": [
          77.2110304,
          28.5283092
        ]
      }
    },
    {
      "type": "Feature",
      "properties": {
        "amenity": "pharmacy",
        "name": "Shree Narayan Pharmacy",
        "_osm_type": "node",
        "_osm_id": 10574467809,
        "_source": "OpenStreetMap contributors via Overpass API (https://overpass-api.de/api/interpreter)",
        "_fetched_at": "2026-07-07T07:27:58Z",
        "_status": "ok",
        "_note": "Overpass bbox query, 312 raw elements (310 node/way features kept). 2 relation(s) skipped (multipolygon reconstruction not implemented) -- see osm_ids [8800378, 20982995]."
      },
      "geometry": {
        "type": "Point",
        "coordinates": [
          77.2108339,
          28.528449
        ]
      }
    },
    {
      "type": "Feature",
      "properties": {
        "amenity": "pharmacy",
        "name": "Indian Medicos",
        "_osm_type": "node",
        "_osm_id": 10574470609,
        "_source": "OpenStreetMap contributors via Overpass API (https://overpass-api.de/api/interpreter)",
        "_fetched_at": "2026-07-07T07:27:58Z",
        "_status": "ok",
        "_note": "Overpass bbox query, 312 raw elements (310 node/way features kept). 2 relation(s) skipped (multipolygon reconstruction not implemented) -- see osm_ids [8800378, 20982995]."
      },
      "geometry": {
        "type": "Point",
        "coordinates": [
          77.2105819,
          28.5284356
        ]
      }
    },
    {
      "type": "Feature",
      "properties": {
        "amenity": "pharmacy",
        "name": "Krishna Help Pharmacy",
        "_osm_type": "node",
        "_osm_id": 10574470610,
        "_source": "OpenStreetMap contributors via Overpass API (https://overpass-api.de/api/interpreter)",
        "_fetched_at": "2026-07-07T07:27:58Z",
        "_status": "ok",
        "_note": "Overpass bbox query, 312 raw elements (310 node/way features kept). 2 relation(s) skipped (multipolygon reconstruction not implemented) -- see osm_ids [8800378, 20982995]."
      },
      "geometry": {
        "type": "Point",
        "coordinates": [
          77.2102559,
          28.5284829
        ]
      }
    },
    {
      "type": "Feature",
      "properties": {
        "amenity": "pharmacy",
        "name": "Irex Pharmacy",
        "_osm_type": "node",
        "_osm_id": 10574470709,
        "_source": "OpenStreetMap contributors via Overpass API (https://overpass-api.de/api/interpreter)",
        "_fetched_at": "2026-07-07T07:27:58Z",
        "_status": "ok",
        "_note": "Overpass bbox query, 312 raw elements (310 node/way features kept). 2 relation(s) skipped (multipolygon reconstruction not implemented) -- see osm_ids [8800378, 20982995]."
      },
      "geometry": {
        "type": "Point",
        "coordinates": [
          77.2102825,
          28.5284722
        ]
      }
    },
    {
      "type": "Feature",
      "properties": {
        "amenity": "pharmacy",
        "check_date": "2023-05-02",
        "healthcare": "pharmacy",
        "level": "0",
        "name": "Healthskool Pharmacy",
        "_osm_type": "node",
        "_osm_id": 10864790209,
        "_source": "OpenStreetMap contributors via Overpass API (https://overpass-api.de/api/interpreter)",
        "_fetched_at": "2026-07-07T07:27:58Z",
        "_status": "ok",
        "_note": "Overpass bbox query, 312 raw elements (310 node/way features kept). 2 relation(s) skipped (multipolygon reconstruction not implemented) -- see osm_ids [8800378, 20982995]."
      },
      "geometry": {
        "type": "Point",
        "coordinates": [
          77.2131401,
          28.5374327
        ]
      }
    },
    {
      "type": "Feature",
      "properties": {
        "amenity": "pharmacy",
        "check_date": "2023-05-02",
        "healthcare": "pharmacy",
        "level": "0",
        "name": "Guardian Pharmacy",
        "_osm_type": "node",
        "_osm_id": 10864790221,
        "_source": "OpenStreetMap contributors via Overpass API (https://overpass-api.de/api/interpreter)",
        "_fetched_at": "2026-07-07T07:27:58Z",
        "_status": "ok",
        "_note": "Overpass bbox query, 312 raw elements (310 node/way features kept). 2 relation(s) skipped (multipolygon reconstruction not implemented) -- see osm_ids [8800378, 20982995]."
      },
      "geometry": {
        "type": "Point",
        "coordinates": [
          77.2119629,
          28.5362892
        ]
      }
    },
    {
      "type": "Feature",
      "properties": {
        "addr:city": "New Delhi",
        "addr:postcode": "110022",
        "addr:street": "Venkateshwara Marg",
        "amenity": "police",
        "name": "Traffic Police Station, RK Puram, Sector-4",
        "note": "Contributors are requested to not edit the \"operator\", \"operator:en\", \"operator:hi\", \"operator:ur\" and \"operator:wikidata\" tags. (2025/02/18)",
        "operator": "Delhi Police",
        "operator:en": "Delhi Police",
        "operator:hi": "\u0926\u093f\u0932\u094d\u0932\u0940 \u092a\u0941\u0932\u093f\u0938",
        "operator:ur": "\u062f\u06c1\u0644\u06cc \u067e\u0648\u0644\u06cc\u0633",
        "operator:wikidata": "Q3764926",
        "_osm_type": "node",
        "_osm_id": 10904526570,
        "_source": "OpenStreetMap contributors via Overpass API (https://overpass-api.de/api/interpreter)",
        "_fetched_at": "2026-07-07T07:27:58Z",
        "_status": "ok",
        "_note": "Overpass bbox query, 312 raw elements (310 node/way features kept). 2 relation(s) skipped (multipolygon reconstruction not implemented) -- see osm_ids [8800378, 20982995]."
      },
      "geometry": {
        "type": "Point",
        "coordinates": [
          77.1811399,
          28.560194
        ]
      }
    },
    {
      "type": "Feature",
      "properties": {
        "amenity": "dentist",
        "name": "Elinore Aesthetic",
        "_osm_type": "node",
        "_osm_id": 10968895727,
        "_source": "OpenStreetMap contributors via Overpass API (https://overpass-api.de/api/interpreter)",
        "_fetched_at": "2026-07-07T07:27:58Z",
        "_status": "ok",
        "_note": "Overpass bbox query, 312 raw elements (310 node/way features kept). 2 relation(s) skipped (multipolygon reconstruction not implemented) -- see osm_ids [8800378, 20982995]."
      },
      "geometry": {
        "type": "Point",
        "coordinates": [
          77.1970563,
          28.5637823
        ]
      }
    },
    {
      "type": "Feature",
      "properties": {
        "amenity": "school",
        "_osm_type": "node",
        "_osm_id": 10971399088,
        "_source": "OpenStreetMap contributors via Overpass API (https://overpass-api.de/api/interpreter)",
        "_fetched_at": "2026-07-07T07:27:58Z",
        "_status": "ok",
        "_note": "Overpass bbox query, 312 raw elements (310 node/way features kept). 2 relation(s) skipped (multipolygon reconstruction not implemented) -- see osm_ids [8800378, 20982995]."
      },
      "geometry": {
        "type": "Point",
        "coordinates": [
          77.1986814,
          28.5471568
        ]
      }
    },
    {
      "type": "Feature",
      "properties": {
        "amenity": "kindergarten",
        "name": "Learning Matters",
        "_osm_type": "node",
        "_osm_id": 10983641817,
        "_source": "OpenStreetMap contributors via Overpass API (https://overpass-api.de/api/interpreter)",
        "_fetched_at": "2026-07-07T07:27:58Z",
        "_status": "ok",
        "_note": "Overpass bbox query, 312 raw elements (310 node/way features kept). 2 relation(s) skipped (multipolygon reconstruction not implemented) -- see osm_ids [8800378, 20982995]."
      },
      "geometry": {
        "type": "Point",
        "coordinates": [
          77.2022197,
          28.5549832
        ]
      }
    },
    {
      "type": "Feature",
      "properties": {
        "amenity": "dentist",
        "name": "Green park dental",
        "_osm_type": "node",
        "_osm_id": 11264459130,
        "_source": "OpenStreetMap contributors via Overpass API (https://overpass-api.de/api/interpreter)",
        "_fetched_at": "2026-07-07T07:27:58Z",
        "_status": "ok",
        "_note": "Overpass bbox query, 312 raw elements (310 node/way features kept). 2 relation(s) skipped (multipolygon reconstruction not implemented) -- see osm_ids [8800378, 20982995]."
      },
      "geometry": {
        "type": "Point",
        "coordinates": [
          77.2060065,
          28.5599293
        ]
      }
    },
    {
      "type": "Feature",
      "properties": {
        "addr:housenumber": "Shop 3 House 1",
        "amenity": "pharmacy",
        "healthcare": "pharmacy",
        "name": "NK Pharmacy",
        "phone": "971529571",
        "_osm_type": "node",
        "_osm_id": 11409067269,
        "_source": "OpenStreetMap contributors via Overpass API (https://overpass-api.de/api/interpreter)",
        "_fetched_at": "2026-07-07T07:27:58Z",
        "_status": "ok",
        "_note": "Overpass bbox query, 312 raw elements (310 node/way features kept). 2 relation(s) skipped (multipolygon reconstruction not implemented) -- see osm_ids [8800378, 20982995]."
      },
      "geometry": {
        "type": "Point",
        "coordinates": [
          77.2078468,
          28.5381057
        ]
      }
    },
    {
      "type": "Feature",
      "properties": {
        "amenity": "toilets",
        "_osm_type": "node",
        "_osm_id": 11677485012,
        "_source": "OpenStreetMap contributors via Overpass API (https://overpass-api.de/api/interpreter)",
        "_fetched_at": "2026-07-07T07:27:58Z",
        "_status": "ok",
        "_note": "Overpass bbox query, 312 raw elements (310 node/way features kept). 2 relation(s) skipped (multipolygon reconstruction not implemented) -- see osm_ids [8800378, 20982995]."
      },
      "geometry": {
        "type": "Point",
        "coordinates": [
          77.2215395,
          28.5312935
        ]
      }
    },
    {
      "type": "Feature",
      "properties": {
        "amenity": "drinking_water",
        "name": "Water cooler",
        "_osm_type": "node",
        "_osm_id": 11708062869,
        "_source": "OpenStreetMap contributors via Overpass API (https://overpass-api.de/api/interpreter)",
        "_fetched_at": "2026-07-07T07:27:58Z",
        "_status": "ok",
        "_note": "Overpass bbox query, 312 raw elements (310 node/way features kept). 2 relation(s) skipped (multipolygon reconstruction not implemented) -- see osm_ids [8800378, 20982995]."
      },
      "geometry": {
        "type": "Point",
        "coordinates": [
          77.1916991,
          28.5445751
        ]
      }
    },
    {
      "type": "Feature",
      "properties": {
        "access": "customers",
        "amenity": "toilets",
        "fee": "yes",
        "female": "yes",
        "level": "-1",
        "male": "yes",
        "operator": "Sulabh International",
        "operator:wikidata": "Q3064151",
        "toilets:handwashing": "yes",
        "wheelchair": "yes",
        "_osm_type": "node",
        "_osm_id": 11708224014,
        "_source": "OpenStreetMap contributors via Overpass API (https://overpass-api.de/api/interpreter)",
        "_fetched_at": "2026-07-07T07:27:58Z",
        "_status": "ok",
        "_note": "Overpass bbox query, 312 raw elements (310 node/way features kept). 2 relation(s) skipped (multipolygon reconstruction not implemented) -- see osm_ids [8800378, 20982995]."
      },
      "geometry": {
        "type": "Point",
        "coordinates": [
          77.1946116,
          28.5464867
        ]
      }
    },
    {
      "type": "Feature",
      "properties": {
        "amenity": "toilets",
        "_osm_type": "node",
        "_osm_id": 11766351918,
        "_source": "OpenStreetMap contributors via Overpass API (https://overpass-api.de/api/interpreter)",
        "_fetched_at": "2026-07-07T07:27:58Z",
        "_status": "ok",
        "_note": "Overpass bbox query, 312 raw elements (310 node/way features kept). 2 relation(s) skipped (multipolygon reconstruction not implemented) -- see osm_ids [8800378, 20982995]."
      },
      "geometry": {
        "type": "Point",
        "coordinates": [
          77.1951362,
          28.5551509
        ]
      }
    },
    {
      "type": "Feature",
      "properties": {
        "amenity": "clinic",
        "healthcare": "clinic",
        "name": "Proderm Skin & Hair clinic",
        "_osm_type": "node",
        "_osm_id": 11773657377,
        "_source": "OpenStreetMap contributors via Overpass API (https://overpass-api.de/api/interpreter)",
        "_fetched_at": "2026-07-07T07:27:58Z",
        "_status": "ok",
        "_note": "Overpass bbox query, 312 raw elements (310 node/way features kept). 2 relation(s) skipped (multipolygon reconstruction not implemented) -- see osm_ids [8800378, 20982995]."
      },
      "geometry": {
        "type": "Point",
        "coordinates": [
          77.216987,
          28.5673384
        ]
      }
    },
    {
      "type": "Feature",
      "properties": {
        "amenity": "police",
        "check_date": "2024-05-26",
        "name": "Delhi Police \u2014 Mehrauli",
        "name:en": "Delhi Police \u2014 Mehrauli",
        "note": "Contributors are requested to not edit the \"operator\", \"operator:en\", \"operator:hi\", \"operator:ur\" and \"operator:wikidata\" tags. (2025/02/18)",
        "operator": "Delhi Police",
        "operator:en": "Delhi Police",
        "operator:hi": "\u0926\u093f\u0932\u094d\u0932\u0940 \u092a\u0941\u0932\u093f\u0938",
        "operator:ur": "\u062f\u06c1\u0644\u06cc \u067e\u0648\u0644\u06cc\u0633",
        "operator:wikidata": "Q3764926",
        "polling_station": "no",
        "_osm_type": "node",
        "_osm_id": 11949219743,
        "_source": "OpenStreetMap contributors via Overpass API (https://overpass-api.de/api/interpreter)",
        "_fetched_at": "2026-07-07T07:27:58Z",
        "_status": "ok",
        "_note": "Overpass bbox query, 312 raw elements (310 node/way features kept). 2 relation(s) skipped (multipolygon reconstruction not implemented) -- see osm_ids [8800378, 20982995]."
      },
      "geometry": {
        "type": "Point",
        "coordinates": [
          77.1779413,
          28.5262044
        ]
      }
    },
    {
      "type": "Feature",
      "properties": {
        "amenity": "toilets",
        "female": "yes",
        "_osm_type": "node",
        "_osm_id": 12068591480,
        "_source": "OpenStreetMap contributors via Overpass API (https://overpass-api.de/api/interpreter)",
        "_fetched_at": "2026-07-07T07:27:58Z",
        "_status": "ok",
        "_note": "Overpass bbox query, 312 raw elements (310 node/way features kept). 2 relation(s) skipped (multipolygon reconstruction not implemented) -- see osm_ids [8800378, 20982995]."
      },
      "geometry": {
        "type": "Point",
        "coordinates": [
          77.1926551,
          28.5531777
        ]
      }
    },
    {
      "type": "Feature",
      "properties": {
        "amenity": "toilets",
        "male": "yes",
        "_osm_type": "node",
        "_osm_id": 12068591481,
        "_source": "OpenStreetMap contributors via Overpass API (https://overpass-api.de/api/interpreter)",
        "_fetched_at": "2026-07-07T07:27:58Z",
        "_status": "ok",
        "_note": "Overpass bbox query, 312 raw elements (310 node/way features kept). 2 relation(s) skipped (multipolygon reconstruction not implemented) -- see osm_ids [8800378, 20982995]."
      },
      "geometry": {
        "type": "Point",
        "coordinates": [
          77.1928596,
          28.5529816
        ]
      }
    },
    {
      "type": "Feature",
      "properties": {
        "amenity": "drinking_water",
        "_osm_type": "node",
        "_osm_id": 12068591482,
        "_source": "OpenStreetMap contributors via Overpass API (https://overpass-api.de/api/interpreter)",
        "_fetched_at": "2026-07-07T07:27:58Z",
        "_status": "ok",
        "_note": "Overpass bbox query, 312 raw elements (310 node/way features kept). 2 relation(s) skipped (multipolygon reconstruction not implemented) -- see osm_ids [8800378, 20982995]."
      },
      "geometry": {
        "type": "Point",
        "coordinates": [
          77.1929079,
          28.5530522
        ]
      }
    },
    {
      "type": "Feature",
      "properties": {
        "amenity": "shelter",
        "shelter_type": "gazebo",
        "_osm_type": "node",
        "_osm_id": 12069575736,
        "_source": "OpenStreetMap contributors via Overpass API (https://overpass-api.de/api/interpreter)",
        "_fetched_at": "2026-07-07T07:27:58Z",
        "_status": "ok",
        "_note": "Overpass bbox query, 312 raw elements (310 node/way features kept). 2 relation(s) skipped (multipolygon reconstruction not implemented) -- see osm_ids [8800378, 20982995]."
      },
      "geometry": {
        "type": "Point",
        "coordinates": [
          77.1961242,
          28.5566106
        ]
      }
    },
    {
      "type": "Feature",
      "properties": {
        "amenity": "toilets",
        "check_date": "2024-07-23",
        "_osm_type": "node",
        "_osm_id": 12069575737,
        "_source": "OpenStreetMap contributors via Overpass API (https://overpass-api.de/api/interpreter)",
        "_fetched_at": "2026-07-07T07:27:58Z",
        "_status": "ok",
        "_note": "Overpass bbox query, 312 raw elements (310 node/way features kept). 2 relation(s) skipped (multipolygon reconstruction not implemented) -- see osm_ids [8800378, 20982995]."
      },
      "geometry": {
        "type": "Point",
        "coordinates": [
          77.1961473,
          28.5563255
        ]
      }
    },
    {
      "type": "Feature",
      "properties": {
        "amenity": "college",
        "check_date": "2024-07-23",
        "name": "International Institute of Culinary Arts",
        "website": "https://www.chefiica.com/",
        "_osm_type": "node",
        "_osm_id": 12069575756,
        "_source": "OpenStreetMap contributors via Overpass API (https://overpass-api.de/api/interpreter)",
        "_fetched_at": "2026-07-07T07:27:58Z",
        "_status": "ok",
        "_note": "Overpass bbox query, 312 raw elements (310 node/way features kept). 2 relation(s) skipped (multipolygon reconstruction not implemented) -- see osm_ids [8800378, 20982995]."
      },
      "geometry": {
        "type": "Point",
        "coordinates": [
          77.1946809,
          28.5530314
        ]
      }
    },
    {
      "type": "Feature",
      "properties": {
        "amenity": "college",
        "check_date": "2024-07-23",
        "name": "JD Institute of Fashion Technology",
        "website": "https://www.jdinstitute.com/",
        "_osm_type": "node",
        "_osm_id": 12069575757,
        "_source": "OpenStreetMap contributors via Overpass API (https://overpass-api.de/api/interpreter)",
        "_fetched_at": "2026-07-07T07:27:58Z",
        "_status": "ok",
        "_note": "Overpass bbox query, 312 raw elements (310 node/way features kept). 2 relation(s) skipped (multipolygon reconstruction not implemented) -- see osm_ids [8800378, 20982995]."
      },
      "geometry": {
        "type": "Point",
        "coordinates": [
          77.1945674,
          28.5528731
        ]
      }
    },
    {
      "type": "Feature",
      "properties": {
        "access": "yes",
        "amenity": "toilets",
        "_osm_type": "node",
        "_osm_id": 12094635125,
        "_source": "OpenStreetMap contributors via Overpass API (https://overpass-api.de/api/interpreter)",
        "_fetched_at": "2026-07-07T07:27:58Z",
        "_status": "ok",
        "_note": "Overpass bbox query, 312 raw elements (310 node/way features kept). 2 relation(s) skipped (multipolygon reconstruction not implemented) -- see osm_ids [8800378, 20982995]."
      },
      "geometry": {
        "type": "Point",
        "coordinates": [
          77.1853745,
          28.5403481
        ]
      }
    },
    {
      "type": "Feature",
      "properties": {
        "addr:block": "F",
        "addr:city": "New Delhi",
        "addr:housenumber": "116B",
        "addr:place": "Krishna Nagar",
        "addr:postcode": "110029",
        "amenity": "post_office",
        "brand": "Desk to Desk Courier & Cargo",
        "brand:short": "DTDC",
        "brand:wikidata": "Q55608802",
        "contact:mobile": "+91 97115 90359;+91 93545 45150",
        "operator": "Desk to Desk Courier & Cargo",
        "operator:short": "DTDC",
        "operator:wikidata": "Q55608802",
        "_osm_type": "node",
        "_osm_id": 12438717614,
        "_source": "OpenStreetMap contributors via Overpass API (https://overpass-api.de/api/interpreter)",
        "_fetched_at": "2026-07-07T07:27:58Z",
        "_status": "ok",
        "_note": "Overpass bbox query, 312 raw elements (310 node/way features kept). 2 relation(s) skipped (multipolygon reconstruction not implemented) -- see osm_ids [8800378, 20982995]."
      },
      "geometry": {
        "type": "Point",
        "coordinates": [
          77.1918877,
          28.5630596
        ]
      }
    },
    {
      "type": "Feature",
      "properties": {
        "amenity": "toilets",
        "drinking_water": "no",
        "fee": "no",
        "female": "yes",
        "level": "0",
        "male": "yes",
        "toilets:handwashing": "yes",
        "toilets:paper_supplied": "no",
        "toilets:position": "seated;squat;urinal",
        "unisex": "yes",
        "_osm_type": "node",
        "_osm_id": 12463086725,
        "_source": "OpenStreetMap contributors via Overpass API (https://overpass-api.de/api/interpreter)",
        "_fetched_at": "2026-07-07T07:27:58Z",
        "_status": "ok",
        "_note": "Overpass bbox query, 312 raw elements (310 node/way features kept). 2 relation(s) skipped (multipolygon reconstruction not implemented) -- see osm_ids [8800378, 20982995]."
      },
      "geometry": {
        "type": "Point",
        "coordinates": [
          77.1889053,
          28.5653198
        ]
      }
    },
    {
      "type": "Feature",
      "properties": {
        "amenity": "shelter",
        "shelter_type": "gazebo",
        "_osm_type": "node",
        "_osm_id": 12467505148,
        "_source": "OpenStreetMap contributors via Overpass API (https://overpass-api.de/api/interpreter)",
        "_fetched_at": "2026-07-07T07:27:58Z",
        "_status": "ok",
        "_note": "Overpass bbox query, 312 raw elements (310 node/way features kept). 2 relation(s) skipped (multipolygon reconstruction not implemented) -- see osm_ids [8800378, 20982995]."
      },
      "geometry": {
        "type": "Point",
        "coordinates": [
          77.1953085,
          28.5491492
        ]
      }
    },
    {
      "type": "Feature",
      "properties": {
        "amenity": "shelter",
        "shelter_type": "gazebo",
        "_osm_type": "node",
        "_osm_id": 12467505149,
        "_source": "OpenStreetMap contributors via Overpass API (https://overpass-api.de/api/interpreter)",
        "_fetched_at": "2026-07-07T07:27:58Z",
        "_status": "ok",
        "_note": "Overpass bbox query, 312 raw elements (310 node/way features kept). 2 relation(s) skipped (multipolygon reconstruction not implemented) -- see osm_ids [8800378, 20982995]."
      },
      "geometry": {
        "type": "Point",
        "coordinates": [
          77.1948646,
          28.5473274
        ]
      }
    },
    {
      "type": "Feature",
      "properties": {
        "amenity": "clinic",
        "check_date": "2025-03-16",
        "healthcare": "clinic",
        "level": "1",
        "name": "Amar Homeo Healers",
        "_osm_type": "node",
        "_osm_id": 12669724709,
        "_source": "OpenStreetMap contributors via Overpass API (https://overpass-api.de/api/interpreter)",
        "_fetched_at": "2026-07-07T07:27:58Z",
        "_status": "ok",
        "_note": "Overpass bbox query, 312 raw elements (310 node/way features kept). 2 relation(s) skipped (multipolygon reconstruction not implemented) -- see osm_ids [8800378, 20982995]."
      },
      "geometry": {
        "type": "Point",
        "coordinates": [
          77.2072939,
          28.5579657
        ]
      }
    },
    {
      "type": "Feature",
      "properties": {
        "access": "yes",
        "amenity": "toilets",
        "drinking_water": "no",
        "fee": "no",
        "female": "yes",
        "level": "0",
        "male": "yes",
        "toilets:disposal": "flush",
        "toilets:handwashing": "yes",
        "toilets:paper_supplied": "no",
        "toilets:position": "seated;squat;urinal",
        "wheelchair": "no",
        "_osm_type": "node",
        "_osm_id": 12823360933,
        "_source": "OpenStreetMap contributors via Overpass API (https://overpass-api.de/api/interpreter)",
        "_fetched_at": "2026-07-07T07:27:58Z",
        "_status": "ok",
        "_note": "Overpass bbox query, 312 raw elements (310 node/way features kept). 2 relation(s) skipped (multipolygon reconstruction not implemented) -- see osm_ids [8800378, 20982995]."
      },
      "geometry": {
        "type": "Point",
        "coordinates": [
          77.2022292,
          28.5286541
        ]
      }
    },
    {
      "type": "Feature",
      "properties": {
        "access": "yes",
        "amenity": "drinking_water",
        "bottle": "yes",
        "dog": "no",
        "fountain": "nozzle",
        "historic": "no",
        "level": "0",
        "_osm_type": "node",
        "_osm_id": 12823360946,
        "_source": "OpenStreetMap contributors via Overpass API (https://overpass-api.de/api/interpreter)",
        "_fetched_at": "2026-07-07T07:27:58Z",
        "_status": "ok",
        "_note": "Overpass bbox query, 312 raw elements (310 node/way features kept). 2 relation(s) skipped (multipolygon reconstruction not implemented) -- see osm_ids [8800378, 20982995]."
      },
      "geometry": {
        "type": "Point",
        "coordinates": [
          77.2021326,
          28.5286268
        ]
      }
    },
    {
      "type": "Feature",
      "properties": {
        "access": "yes",
        "amenity": "drinking_water",
        "bottle": "yes",
        "dog": "no",
        "fountain": "nozzle",
        "historic": "no",
        "level": "0",
        "_osm_type": "node",
        "_osm_id": 12823360952,
        "_source": "OpenStreetMap contributors via Overpass API (https://overpass-api.de/api/interpreter)",
        "_fetched_at": "2026-07-07T07:27:58Z",
        "_status": "ok",
        "_note": "Overpass bbox query, 312 raw elements (310 node/way features kept). 2 relation(s) skipped (multipolygon reconstruction not implemented) -- see osm_ids [8800378, 20982995]."
      },
      "geometry": {
        "type": "Point",
        "coordinates": [
          77.202146,
          28.5286207
        ]
      }
    },
    {
      "type": "Feature",
      "properties": {
        "access": "yes",
        "amenity": "drinking_water",
        "bottle": "yes",
        "dog": "no",
        "fountain": "nozzle",
        "historic": "no",
        "level": "0",
        "_osm_type": "node",
        "_osm_id": 12823360997,
        "_source": "OpenStreetMap contributors via Overpass API (https://overpass-api.de/api/interpreter)",
        "_fetched_at": "2026-07-07T07:27:58Z",
        "_status": "ok",
        "_note": "Overpass bbox query, 312 raw elements (310 node/way features kept). 2 relation(s) skipped (multipolygon reconstruction not implemented) -- see osm_ids [8800378, 20982995]."
      },
      "geometry": {
        "type": "Point",
        "coordinates": [
          77.2021052,
          28.5286394
        ]
      }
    },
    {
      "type": "Feature",
      "properties": {
        "access": "yes",
        "amenity": "drinking_water",
        "bottle": "yes",
        "dog": "no",
        "fountain": "nozzle",
        "historic": "no",
        "level": "0",
        "_osm_type": "node",
        "_osm_id": 12823360999,
        "_source": "OpenStreetMap contributors via Overpass API (https://overpass-api.de/api/interpreter)",
        "_fetched_at": "2026-07-07T07:27:58Z",
        "_status": "ok",
        "_note": "Overpass bbox query, 312 raw elements (310 node/way features kept). 2 relation(s) skipped (multipolygon reconstruction not implemented) -- see osm_ids [8800378, 20982995]."
      },
      "geometry": {
        "type": "Point",
        "coordinates": [
          77.2021183,
          28.5286334
        ]
      }
    },
    {
      "type": "Feature",
      "properties": {
        "access": "yes",
        "amenity": "drinking_water",
        "bottle": "yes",
        "dog": "no",
        "fountain": "nozzle",
        "historic": "no",
        "level": "0",
        "_osm_type": "node",
        "_osm_id": 12823361006,
        "_source": "OpenStreetMap contributors via Overpass API (https://overpass-api.de/api/interpreter)",
        "_fetched_at": "2026-07-07T07:27:58Z",
        "_status": "ok",
        "_note": "Overpass bbox query, 312 raw elements (310 node/way features kept). 2 relation(s) skipped (multipolygon reconstruction not implemented) -- see osm_ids [8800378, 20982995]."
      },
      "geometry": {
        "type": "Point",
        "coordinates": [
          77.2020905,
          28.5286461
        ]
      }
    },
    {
      "type": "Feature",
      "properties": {
        "amenity": "kindergarten",
        "name": "Green Fields Nursery School",
        "operator:type": "private",
        "_osm_type": "node",
        "_osm_id": 12862174314,
        "_source": "OpenStreetMap contributors via Overpass API (https://overpass-api.de/api/interpreter)",
        "_fetched_at": "2026-07-07T07:27:58Z",
        "_status": "ok",
        "_note": "Overpass bbox query, 312 raw elements (310 node/way features kept). 2 relation(s) skipped (multipolygon reconstruction not implemented) -- see osm_ids [8800378, 20982995]."
      },
      "geometry": {
        "type": "Point",
        "coordinates": [
          77.1892651,
          28.5647598
        ]
      }
    },
    {
      "type": "Feature",
      "properties": {
        "amenity": "pharmacy",
        "healthcare": "pharmacy",
        "name": "INDER MEDICOS",
        "opening_hours": "Mo-Su,PH 08:30-23:00",
        "_osm_type": "node",
        "_osm_id": 13073521198,
        "_source": "OpenStreetMap contributors via Overpass API (https://overpass-api.de/api/interpreter)",
        "_fetched_at": "2026-07-07T07:27:58Z",
        "_status": "ok",
        "_note": "Overpass bbox query, 312 raw elements (310 node/way features kept). 2 relation(s) skipped (multipolygon reconstruction not implemented) -- see osm_ids [8800378, 20982995]."
      },
      "geometry": {
        "type": "Point",
        "coordinates": [
          77.2076578,
          28.5621244
        ]
      }
    },
    {
      "type": "Feature",
      "properties": {
        "amenity": "pharmacy",
        "healthcare": "pharmacy",
        "name": "AGGARWAL MEDICOS",
        "opening_hours": "Mo-Su,PH 09:00-22:00",
        "_osm_type": "node",
        "_osm_id": 13073526114,
        "_source": "OpenStreetMap contributors via Overpass API (https://overpass-api.de/api/interpreter)",
        "_fetched_at": "2026-07-07T07:27:58Z",
        "_status": "ok",
        "_note": "Overpass bbox query, 312 raw elements (310 node/way features kept). 2 relation(s) skipped (multipolygon reconstruction not implemented) -- see osm_ids [8800378, 20982995]."
      },
      "geometry": {
        "type": "Point",
        "coordinates": [
          77.2076539,
          28.562139
        ]
      }
    },
    {
      "type": "Feature",
      "properties": {
        "access": "yes",
        "amenity": "toilets",
        "fee": "no",
        "female": "yes",
        "level": "0",
        "toilets:disposal": "flush",
        "wheelchair": "no",
        "_osm_type": "node",
        "_osm_id": 13114177124,
        "_source": "OpenStreetMap contributors via Overpass API (https://overpass-api.de/api/interpreter)",
        "_fetched_at": "2026-07-07T07:27:58Z",
        "_status": "ok",
        "_note": "Overpass bbox query, 312 raw elements (310 node/way features kept). 2 relation(s) skipped (multipolygon reconstruction not implemented) -- see osm_ids [8800378, 20982995]."
      },
      "geometry": {
        "type": "Point",
        "coordinates": [
          77.2195871,
          28.5439805
        ]
      }
    },
    {
      "type": "Feature",
      "properties": {
        "access": "yes",
        "amenity": "toilets",
        "fee": "no",
        "level": "0",
        "male": "yes",
        "toilets:disposal": "flush",
        "wheelchair": "no",
        "_osm_type": "node",
        "_osm_id": 13114177137,
        "_source": "OpenStreetMap contributors via Overpass API (https://overpass-api.de/api/interpreter)",
        "_fetched_at": "2026-07-07T07:27:58Z",
        "_status": "ok",
        "_note": "Overpass bbox query, 312 raw elements (310 node/way features kept). 2 relation(s) skipped (multipolygon reconstruction not implemented) -- see osm_ids [8800378, 20982995]."
      },
      "geometry": {
        "type": "Point",
        "coordinates": [
          77.2195637,
          28.5439835
        ]
      }
    },
    {
      "type": "Feature",
      "properties": {
        "amenity": "toilets",
        "_osm_type": "node",
        "_osm_id": 13142376201,
        "_source": "OpenStreetMap contributors via Overpass API (https://overpass-api.de/api/interpreter)",
        "_fetched_at": "2026-07-07T07:27:58Z",
        "_status": "ok",
        "_note": "Overpass bbox query, 312 raw elements (310 node/way features kept). 2 relation(s) skipped (multipolygon reconstruction not implemented) -- see osm_ids [8800378, 20982995]."
      },
      "geometry": {
        "type": "Point",
        "coordinates": [
          77.2145958,
          28.545306
        ]
      }
    },
    {
      "type": "Feature",
      "properties": {
        "amenity": "shelter",
        "_osm_type": "node",
        "_osm_id": 13142481306,
        "_source": "OpenStreetMap contributors via Overpass API (https://overpass-api.de/api/interpreter)",
        "_fetched_at": "2026-07-07T07:27:58Z",
        "_status": "ok",
        "_note": "Overpass bbox query, 312 raw elements (310 node/way features kept). 2 relation(s) skipped (multipolygon reconstruction not implemented) -- see osm_ids [8800378, 20982995]."
      },
      "geometry": {
        "type": "Point",
        "coordinates": [
          77.2142341,
          28.5455593
        ]
      }
    },
    {
      "type": "Feature",
      "properties": {
        "amenity": "clinic",
        "healthcare": "clinic",
        "name": "Dr. P.K. Goyal",
        "_osm_type": "node",
        "_osm_id": 13142481901,
        "_source": "OpenStreetMap contributors via Overpass API (https://overpass-api.de/api/interpreter)",
        "_fetched_at": "2026-07-07T07:27:58Z",
        "_status": "ok",
        "_note": "Overpass bbox query, 312 raw elements (310 node/way features kept). 2 relation(s) skipped (multipolygon reconstruction not implemented) -- see osm_ids [8800378, 20982995]."
      },
      "geometry": {
        "type": "Point",
        "coordinates": [
          77.2166727,
          28.5484105
        ]
      }
    },
    {
      "type": "Feature",
      "properties": {
        "amenity": "school",
        "name": "Bright Future Point",
        "_osm_type": "node",
        "_osm_id": 13142482001,
        "_source": "OpenStreetMap contributors via Overpass API (https://overpass-api.de/api/interpreter)",
        "_fetched_at": "2026-07-07T07:27:58Z",
        "_status": "ok",
        "_note": "Overpass bbox query, 312 raw elements (310 node/way features kept). 2 relation(s) skipped (multipolygon reconstruction not implemented) -- see osm_ids [8800378, 20982995]."
      },
      "geometry": {
        "type": "Point",
        "coordinates": [
          77.2163072,
          28.5489881
        ]
      }
    },
    {
      "type": "Feature",
      "properties": {
        "location": "outdoor",
        "operator": "BSES",
        "power": "substation",
        "ref": "HKSFPA121",
        "substation": "distribution",
        "_osm_type": "node",
        "_osm_id": 13142484183,
        "_source": "OpenStreetMap contributors via Overpass API (https://overpass-api.de/api/interpreter)",
        "_fetched_at": "2026-07-07T07:27:58Z",
        "_status": "ok",
        "_note": "Overpass bbox query, 312 raw elements (310 node/way features kept). 2 relation(s) skipped (multipolygon reconstruction not implemented) -- see osm_ids [8800378, 20982995]."
      },
      "geometry": {
        "type": "Point",
        "coordinates": [
          77.2157166,
          28.5486794
        ]
      }
    },
    {
      "type": "Feature",
      "properties": {
        "location": "outdoor",
        "operator": "BSES",
        "power": "substation",
        "ref": "HKSFPA121",
        "substation": "distribution",
        "_osm_type": "node",
        "_osm_id": 13142484190,
        "_source": "OpenStreetMap contributors via Overpass API (https://overpass-api.de/api/interpreter)",
        "_fetched_at": "2026-07-07T07:27:58Z",
        "_status": "ok",
        "_note": "Overpass bbox query, 312 raw elements (310 node/way features kept). 2 relation(s) skipped (multipolygon reconstruction not implemented) -- see osm_ids [8800378, 20982995]."
      },
      "geometry": {
        "type": "Point",
        "coordinates": [
          77.2161114,
          28.5482449
        ]
      }
    },
    {
      "type": "Feature",
      "properties": {
        "location": "outdoor",
        "operator": "BSES",
        "power": "substation",
        "ref": "HKSFPA121",
        "substation": "distribution",
        "_osm_type": "node",
        "_osm_id": 13142488631,
        "_source": "OpenStreetMap contributors via Overpass API (https://overpass-api.de/api/interpreter)",
        "_fetched_at": "2026-07-07T07:27:58Z",
        "_status": "ok",
        "_note": "Overpass bbox query, 312 raw elements (310 node/way features kept). 2 relation(s) skipped (multipolygon reconstruction not implemented) -- see osm_ids [8800378, 20982995]."
      },
      "geometry": {
        "type": "Point",
        "coordinates": [
          77.2153953,
          28.5496491
        ]
      }
    },
    {
      "type": "Feature",
      "properties": {
        "amenity": "marketplace",
        "name": "Hauz Rani Crockery Market (Kumhar Basti)",
        "_osm_type": "node",
        "_osm_id": 13462157601,
        "_source": "OpenStreetMap contributors via Overpass API (https://overpass-api.de/api/interpreter)",
        "_fetched_at": "2026-07-07T07:27:58Z",
        "_status": "ok",
        "_note": "Overpass bbox query, 312 raw elements (310 node/way features kept). 2 relation(s) skipped (multipolygon reconstruction not implemented) -- see osm_ids [8800378, 20982995]."
      },
      "geometry": {
        "type": "Point",
        "coordinates": [
          77.2073124,
          28.5280397
        ]
      }
    },
    {
      "type": "Feature",
      "properties": {
        "access": "yes",
        "amenity": "toilets",
        "level": "2",
        "_osm_type": "node",
        "_osm_id": 13654074090,
        "_source": "OpenStreetMap contributors via Overpass API (https://overpass-api.de/api/interpreter)",
        "_fetched_at": "2026-07-07T07:27:58Z",
        "_status": "ok",
        "_note": "Overpass bbox query, 312 raw elements (310 node/way features kept). 2 relation(s) skipped (multipolygon reconstruction not implemented) -- see osm_ids [8800378, 20982995]."
      },
      "geometry": {
        "type": "Point",
        "coordinates": [
          77.219397,
          28.5293099
        ]
      }
    },
    {
      "type": "Feature",
      "properties": {
        "amenity": "shelter",
        "_osm_type": "node",
        "_osm_id": 13746020741,
        "_source": "OpenStreetMap contributors via Overpass API (https://overpass-api.de/api/interpreter)",
        "_fetched_at": "2026-07-07T07:27:58Z",
        "_status": "ok",
        "_note": "Overpass bbox query, 312 raw elements (310 node/way features kept). 2 relation(s) skipped (multipolygon reconstruction not implemented) -- see osm_ids [8800378, 20982995]."
      },
      "geometry": {
        "type": "Point",
        "coordinates": [
          77.1935198,
          28.5478405
        ]
      }
    },
    {
      "type": "Feature",
      "properties": {
        "amenity": "community_centre",
        "community_centre": "community_hall",
        "name": "Sant Nirankari Satsang Bhavan",
        "_osm_type": "node",
        "_osm_id": 13814103857,
        "_source": "OpenStreetMap contributors via Overpass API (https://overpass-api.de/api/interpreter)",
        "_fetched_at": "2026-07-07T07:27:58Z",
        "_status": "ok",
        "_note": "Overpass bbox query, 312 raw elements (310 node/way features kept). 2 relation(s) skipped (multipolygon reconstruction not implemented) -- see osm_ids [8800378, 20982995]."
      },
      "geometry": {
        "type": "Point",
        "coordinates": [
          77.1927721,
          28.5646423
        ]
      }
    },
    {
      "type": "Feature",
      "properties": {
        "alt_name": "Krishna Nagar Barat Ghar",
        "amenity": "community_centre",
        "community_centre": "events_venue",
        "name": "Humayunpur Barat Ghar",
        "_osm_type": "node",
        "_osm_id": 13814118937,
        "_source": "OpenStreetMap contributors via Overpass API (https://overpass-api.de/api/interpreter)",
        "_fetched_at": "2026-07-07T07:27:58Z",
        "_status": "ok",
        "_note": "Overpass bbox query, 312 raw elements (310 node/way features kept). 2 relation(s) skipped (multipolygon reconstruction not implemented) -- see osm_ids [8800378, 20982995]."
      },
      "geometry": {
        "type": "Point",
        "coordinates": [
          77.1946949,
          28.5625285
        ]
      }
    },
    {
      "type": "Feature",
      "properties": {
        "amenity": "school",
        "name": "D.M.G. play school",
        "_osm_type": "node",
        "_osm_id": 13814205596,
        "_source": "OpenStreetMap contributors via Overpass API (https://overpass-api.de/api/interpreter)",
        "_fetched_at": "2026-07-07T07:27:58Z",
        "_status": "ok",
        "_note": "Overpass bbox query, 312 raw elements (310 node/way features kept). 2 relation(s) skipped (multipolygon reconstruction not implemented) -- see osm_ids [8800378, 20982995]."
      },
      "geometry": {
        "type": "Point",
        "coordinates": [
          77.1931482,
          28.5628266
        ]
      }
    },
    {
      "type": "Feature",
      "properties": {
        "amenity": "pharmacy",
        "healthcare": "pharmacy",
        "level": "0",
        "name": "Shri Shyam Pharmacy",
        "wheelchair": "yes",
        "_osm_type": "node",
        "_osm_id": 13814216429,
        "_source": "OpenStreetMap contributors via Overpass API (https://overpass-api.de/api/interpreter)",
        "_fetched_at": "2026-07-07T07:27:58Z",
        "_status": "ok",
        "_note": "Overpass bbox query, 312 raw elements (310 node/way features kept). 2 relation(s) skipped (multipolygon reconstruction not implemented) -- see osm_ids [8800378, 20982995]."
      },
      "geometry": {
        "type": "Point",
        "coordinates": [
          77.193694,
          28.5627318
        ]
      }
    },
    {
      "type": "Feature",
      "properties": {
        "amenity": "dentist",
        "healthcare": "dentist",
        "level": "1",
        "name": "Sweet Tooth Dental Care",
        "_osm_type": "node",
        "_osm_id": 13814216439,
        "_source": "OpenStreetMap contributors via Overpass API (https://overpass-api.de/api/interpreter)",
        "_fetched_at": "2026-07-07T07:27:58Z",
        "_status": "ok",
        "_note": "Overpass bbox query, 312 raw elements (310 node/way features kept). 2 relation(s) skipped (multipolygon reconstruction not implemented) -- see osm_ids [8800378, 20982995]."
      },
      "geometry": {
        "type": "Point",
        "coordinates": [
          77.1939543,
          28.5618893
        ]
      }
    },
    {
      "type": "Feature",
      "properties": {
        "amenity": "pharmacy",
        "check_date": "2026-05-10",
        "healthcare": "pharmacy",
        "name": "Shri Shyam Medicos",
        "_osm_type": "node",
        "_osm_id": 13814217525,
        "_source": "OpenStreetMap contributors via Overpass API (https://overpass-api.de/api/interpreter)",
        "_fetched_at": "2026-07-07T07:27:58Z",
        "_status": "ok",
        "_note": "Overpass bbox query, 312 raw elements (310 node/way features kept). 2 relation(s) skipped (multipolygon reconstruction not implemented) -- see osm_ids [8800378, 20982995]."
      },
      "geometry": {
        "type": "Point",
        "coordinates": [
          77.1932781,
          28.562067
        ]
      }
    },
    {
      "type": "Feature",
      "properties": {
        "amenity": "community_centre",
        "check_date": "2026-05-10",
        "name": "Jat Choupal",
        "_osm_type": "node",
        "_osm_id": 13814217538,
        "_source": "OpenStreetMap contributors via Overpass API (https://overpass-api.de/api/interpreter)",
        "_fetched_at": "2026-07-07T07:27:58Z",
        "_status": "ok",
        "_note": "Overpass bbox query, 312 raw elements (310 node/way features kept). 2 relation(s) skipped (multipolygon reconstruction not implemented) -- see osm_ids [8800378, 20982995]."
      },
      "geometry": {
        "type": "Point",
        "coordinates": [
          77.1945877,
          28.5608481
        ]
      }
    },
    {
      "type": "Feature",
      "properties": {
        "amenity": "dentist",
        "check_date": "2026-05-10",
        "healthcare": "dentist",
        "name": "Dental Health Care",
        "_osm_type": "node",
        "_osm_id": 13814217540,
        "_source": "OpenStreetMap contributors via Overpass API (https://overpass-api.de/api/interpreter)",
        "_fetched_at": "2026-07-07T07:27:58Z",
        "_status": "ok",
        "_note": "Overpass bbox query, 312 raw elements (310 node/way features kept). 2 relation(s) skipped (multipolygon reconstruction not implemented) -- see osm_ids [8800378, 20982995]."
      },
      "geometry": {
        "type": "Point",
        "coordinates": [
          77.1945643,
          28.5611025
        ]
      }
    },
    {
      "type": "Feature",
      "properties": {
        "amenity": "pharmacy",
        "check_date": "2026-05-10",
        "healthcare": "pharmacy",
        "name": "R R Chemist",
        "_osm_type": "node",
        "_osm_id": 13814217542,
        "_source": "OpenStreetMap contributors via Overpass API (https://overpass-api.de/api/interpreter)",
        "_fetched_at": "2026-07-07T07:27:58Z",
        "_status": "ok",
        "_note": "Overpass bbox query, 312 raw elements (310 node/way features kept). 2 relation(s) skipped (multipolygon reconstruction not implemented) -- see osm_ids [8800378, 20982995]."
      },
      "geometry": {
        "type": "Point",
        "coordinates": [
          77.1947506,
          28.561403
        ]
      }
    },
    {
      "type": "Feature",
      "properties": {
        "amenity": "community_centre",
        "check_date": "2026-05-10",
        "name": "Jaatav Chaupal",
        "_osm_type": "node",
        "_osm_id": 13814217543,
        "_source": "OpenStreetMap contributors via Overpass API (https://overpass-api.de/api/interpreter)",
        "_fetched_at": "2026-07-07T07:27:58Z",
        "_status": "ok",
        "_note": "Overpass bbox query, 312 raw elements (310 node/way features kept). 2 relation(s) skipped (multipolygon reconstruction not implemented) -- see osm_ids [8800378, 20982995]."
      },
      "geometry": {
        "type": "Point",
        "coordinates": [
          77.1948773,
          28.5615433
        ]
      }
    },
    {
      "type": "Feature",
      "properties": {
        "amenity": "dentist",
        "name": "Navneesh Dental clinic",
        "_osm_type": "node",
        "_osm_id": 13814222014,
        "_source": "OpenStreetMap contributors via Overpass API (https://overpass-api.de/api/interpreter)",
        "_fetched_at": "2026-07-07T07:27:58Z",
        "_status": "ok",
        "_note": "Overpass bbox query, 312 raw elements (310 node/way features kept). 2 relation(s) skipped (multipolygon reconstruction not implemented) -- see osm_ids [8800378, 20982995]."
      },
      "geometry": {
        "type": "Point",
        "coordinates": [
          77.1918394,
          28.5645709
        ]
      }
    },
    {
      "type": "Feature",
      "properties": {
        "amenity": "clinic",
        "healthcare": "clinic",
        "healthcare:speciality": "gynaecology",
        "name": "R.B. Medical Center",
        "_osm_type": "node",
        "_osm_id": 13814321441,
        "_source": "OpenStreetMap contributors via Overpass API (https://overpass-api.de/api/interpreter)",
        "_fetched_at": "2026-07-07T07:27:58Z",
        "_status": "ok",
        "_note": "Overpass bbox query, 312 raw elements (310 node/way features kept). 2 relation(s) skipped (multipolygon reconstruction not implemented) -- see osm_ids [8800378, 20982995]."
      },
      "geometry": {
        "type": "Point",
        "coordinates": [
          77.1968031,
          28.5614969
        ]
      }
    },
    {
      "type": "Feature",
      "properties": {
        "addr:housenumber": "110 B",
        "addr:street": "Humayun Pur Road",
        "amenity": "dentist",
        "check_date": "2026-05-10",
        "healthcare": "dentist",
        "_osm_type": "node",
        "_osm_id": 13814323401,
        "_source": "OpenStreetMap contributors via Overpass API (https://overpass-api.de/api/interpreter)",
        "_fetched_at": "2026-07-07T07:27:58Z",
        "_status": "ok",
        "_note": "Overpass bbox query, 312 raw elements (310 node/way features kept). 2 relation(s) skipped (multipolygon reconstruction not implemented) -- see osm_ids [8800378, 20982995]."
      },
      "geometry": {
        "type": "Point",
        "coordinates": [
          77.1931949,
          28.5609204
        ]
      }
    },
    {
      "type": "Feature",
      "properties": {
        "amenity": "pharmacy",
        "brand": "Pradhan Mantri Bharatiya Janaushadhi Pariyojana Kendra",
        "healthcare": "pharmacy",
        "name": "Jan Aushadhi",
        "official_name": "Pradhan Mantri Bharatiya Janaushadhi Pariyojana Kendra",
        "_osm_type": "node",
        "_osm_id": 13814331011,
        "_source": "OpenStreetMap contributors via Overpass API (https://overpass-api.de/api/interpreter)",
        "_fetched_at": "2026-07-07T07:27:58Z",
        "_status": "ok",
        "_note": "Overpass bbox query, 312 raw elements (310 node/way features kept). 2 relation(s) skipped (multipolygon reconstruction not implemented) -- see osm_ids [8800378, 20982995]."
      },
      "geometry": {
        "type": "Point",
        "coordinates": [
          77.1973755,
          28.5620989
        ]
      }
    },
    {
      "type": "Feature",
      "properties": {
        "amenity": "clinic",
        "healthcare": "clinic",
        "name": "Anand Clinic",
        "operator": "Dr. K. K. Dawar",
        "_osm_type": "node",
        "_osm_id": 13814373695,
        "_source": "OpenStreetMap contributors via Overpass API (https://overpass-api.de/api/interpreter)",
        "_fetched_at": "2026-07-07T07:27:58Z",
        "_status": "ok",
        "_note": "Overpass bbox query, 312 raw elements (310 node/way features kept). 2 relation(s) skipped (multipolygon reconstruction not implemented) -- see osm_ids [8800378, 20982995]."
      },
      "geometry": {
        "type": "Point",
        "coordinates": [
          77.1970301,
          28.5612637
        ]
      }
    },
    {
      "type": "Feature",
      "properties": {
        "addr:block": "A",
        "addr:district": "Safdarjung Enclave",
        "addr:postcode": "110029",
        "addr:suburb": "Humayupur",
        "addr:unit": "103",
        "amenity": "clinic",
        "healthcare": "clinic",
        "level": "0",
        "name": "City Med",
        "_osm_type": "node",
        "_osm_id": 13815023325,
        "_source": "OpenStreetMap contributors via Overpass API (https://overpass-api.de/api/interpreter)",
        "_fetched_at": "2026-07-07T07:27:58Z",
        "_status": "ok",
        "_note": "Overpass bbox query, 312 raw elements (310 node/way features kept). 2 relation(s) skipped (multipolygon reconstruction not implemented) -- see osm_ids [8800378, 20982995]."
      },
      "geometry": {
        "type": "Point",
        "coordinates": [
          77.1929781,
          28.5613151
        ]
      }
    },
    {
      "type": "Feature",
      "properties": {
        "addr:city": "New Delhi",
        "addr:district": "Safdarjung Enclave",
        "addr:housenumber": "A 1/19",
        "addr:postcode": "110029",
        "addr:street": "Naoroji Road",
        "amenity": "dentist",
        "contact:facebook": "https://www.facebook.com/bhartidentalsfenclave/",
        "contact:instagram": "https://www.instagram.com/bharti.dental/",
        "contact:mobile": "+91 96861 80627",
        "description": "Multi-specialty dental clinic",
        "email": "info@bhartidental.in",
        "healthcare": "dentist",
        "healthcare:speciality": "orthodontics",
        "name": "Bharti Dental Care",
        "opening_hours": "Mo-Sa 10:00-19:30",
        "operator": "Dr. Dipankar Sarkar",
        "website": "https://www.bhartidental.in",
        "_osm_type": "node",
        "_osm_id": 13935160052,
        "_source": "OpenStreetMap contributors via Overpass API (https://overpass-api.de/api/interpreter)",
        "_fetched_at": "2026-07-07T07:27:58Z",
        "_status": "ok",
        "_note": "Overpass bbox query, 312 raw elements (310 node/way features kept). 2 relation(s) skipped (multipolygon reconstruction not implemented) -- see osm_ids [8800378, 20982995]."
      },
      "geometry": {
        "type": "Point",
        "coordinates": [
          77.1958101,
          28.5658344
        ]
      }
    },
    {
      "type": "Feature",
      "properties": {
        "amenity": "pharmacy",
        "healthcare": "pharmacy",
        "name": "Rahul Medicos",
        "_osm_type": "node",
        "_osm_id": 13951519610,
        "_source": "OpenStreetMap contributors via Overpass API (https://overpass-api.de/api/interpreter)",
        "_fetched_at": "2026-07-07T07:27:58Z",
        "_status": "ok",
        "_note": "Overpass bbox query, 312 raw elements (310 node/way features kept). 2 relation(s) skipped (multipolygon reconstruction not implemented) -- see osm_ids [8800378, 20982995]."
      },
      "geometry": {
        "type": "Point",
        "coordinates": [
          77.2102045,
          28.559737
        ]
      }
    },
    {
      "type": "Feature",
      "properties": {
        "addr:postcode": "110067",
        "amenity": "university",
        "barrier": "wall",
        "name": "Jawaharlal Nehru University",
        "name:ar": "\u062c\u0627\u0645\u0639\u0629 \u062c\u0648\u0627\u0647\u0631 \u0644\u0627\u0644 \u0646\u0647\u0631\u0648",
        "name:etymology:wikidata": "Q1047",
        "name:hi": "\u091c\u0935\u093e\u0939\u0930\u0932\u093e\u0932 \u0928\u0947\u0939\u0930\u0942 \u0935\u093f\u0936\u094d\u0935\u0935\u093f\u0926\u094d\u092f\u093e\u0932\u092f",
        "name:ml": "\u0d1c\u0d35\u0d39\u0d7c\u0d32\u0d3e\u0d7d \u0d28\u0d46\u0d39\u0d4d\u200c\u0d31\u0d41 \u0d38\u0d7c\u0d35\u0d15\u0d32\u0d3e\u0d36\u0d3e\u0d32",
        "name:zh": "\u5c3c\u8d6b\u9c81\u5927\u5b66",
        "phone": "+91 11 2674 2575",
        "website": "https://www.jnu.ac.in/",
        "wikidata": "Q1147063",
        "_osm_type": "way",
        "_osm_id": 25106564,
        "_source": "OpenStreetMap contributors via Overpass API (https://overpass-api.de/api/interpreter)",
        "_fetched_at": "2026-07-07T07:27:58Z",
        "_status": "ok",
        "_note": "Overpass bbox query, 312 raw elements (310 node/way features kept). 2 relation(s) skipped (multipolygon reconstruction not implemented) -- see osm_ids [8800378, 20982995]."
      },
      "geometry": {
        "type": "Polygon",
        "coordinates": [
          [
            [
              77.1780174,
              28.5445803
            ],
            [
              77.1792674,
              28.5468268
            ],
            [
              77.1664768,
              28.5528435
            ],
            [
              77.1619908,
              28.5470836
            ],
            [
              77.1554494,
              28.5383524
            ],
            [
              77.1578312,
              28.5372364
            ],
            [
              77.1563195,
              28.5353909
            ],
            [
              77.157813,
              28.5346916
            ],
            [
              77.1561543,
              28.5324341
            ],
            [
              77.1626522,
              28.5285944
            ],
            [
              77.1652052,
              28.5271296
            ],
            [
              77.1664953,
              28.5288914
            ],
            [
              77.1639531,
              28.5303331
            ],
            [
              77.1656449,
              28.5328796
            ],
            [
              77.1691539,
              28.5312205
            ],
            [
              77.1695166,
              28.5317851
            ],
            [
              77.1703856,
              28.5319548
            ],
            [
              77.1711607,
              28.5316447
            ],
            [
              77.1725297,
              28.535857
            ],
            [
              77.173748,
              28.5378929
            ],
            [
              77.1719166,
              28.5391022
            ],
            [
              77.1727062,
              28.5412313
            ],
            [
              77.1748139,
              28.5439809
            ],
            [
              77.1764179,
              28.5442548
            ],
            [
              77.1775895,
              28.5437614
            ],
            [
              77.1780174,
              28.5445803
            ]
          ]
        ]
      }
    },
    {
      "type": "Feature",
      "properties": {
        "addr:city": "New Delhi",
        "addr:country": "IN",
        "addr:full": "Indian Statistical Institute, 7, Shaheed Jeet Singh Sansanwal Marg, New Delhi, 110016",
        "addr:postcode": "110016",
        "addr:street": "Sansanwal Marg",
        "amenity": "university",
        "barrier": "wall",
        "name": "Indian Statistical Institute, Delhi",
        "operator:type": "public",
        "short_name": "ISI Delhi",
        "_osm_type": "way",
        "_osm_id": 31536243,
        "_source": "OpenStreetMap contributors via Overpass API (https://overpass-api.de/api/interpreter)",
        "_fetched_at": "2026-07-07T07:27:58Z",
        "_status": "ok",
        "_note": "Overpass bbox query, 312 raw elements (310 node/way features kept). 2 relation(s) skipped (multipolygon reconstruction not implemented) -- see osm_ids [8800378, 20982995]."
      },
      "geometry": {
        "type": "Polygon",
        "coordinates": [
          [
            [
              77.1847544,
              28.5406154
            ],
            [
              77.184726,
              28.5405463
            ],
            [
              77.1846858,
              28.5404485
            ],
            [
              77.1839274,
              28.5387257
            ],
            [
              77.1862111,
              28.5379879
            ],
            [
              77.1865921,
              28.5378649
            ],
            [
              77.1874703,
              28.5397448
            ],
            [
              77.1858175,
              28.5401966
            ],
            [
              77.185524,
              28.5402871
            ],
            [
              77.1849648,
              28.5405019
            ],
            [
              77.1847544,
              28.5406154
            ]
          ]
        ]
      }
    },
    {
      "type": "Feature",
      "properties": {
        "amenity": "library",
        "building": "yes",
        "_osm_type": "way",
        "_osm_id": 31565462,
        "_source": "OpenStreetMap contributors via Overpass API (https://overpass-api.de/api/interpreter)",
        "_fetched_at": "2026-07-07T07:27:58Z",
        "_status": "ok",
        "_note": "Overpass bbox query, 312 raw elements (310 node/way features kept). 2 relation(s) skipped (multipolygon reconstruction not implemented) -- see osm_ids [8800378, 20982995]."
      },
      "geometry": {
        "type": "Polygon",
        "coordinates": [
          [
            [
              77.185757,
              28.5397136
            ],
            [
              77.1859022,
              28.5397032
            ],
            [
              77.185888,
              28.5395507
            ],
            [
              77.1857428,
              28.5395611
            ],
            [
              77.185757,
              28.5397136
            ]
          ]
        ]
      }
    },
    {
      "type": "Feature",
      "properties": {
        "addr:place": "Malviya Nagar",
        "addr:postcode": "110017",
        "amenity": "school",
        "barrier": "wall",
        "name": "Government Boys Senior Secondary School",
        "phone": "+91-11-2668-2015",
        "ref": "1923010",
        "_osm_type": "way",
        "_osm_id": 43316796,
        "_source": "OpenStreetMap contributors via Overpass API (https://overpass-api.de/api/interpreter)",
        "_fetched_at": "2026-07-07T07:27:58Z",
        "_status": "ok",
        "_note": "Overpass bbox query, 312 raw elements (310 node/way features kept). 2 relation(s) skipped (multipolygon reconstruction not implemented) -- see osm_ids [8800378, 20982995]."
      },
      "geometry": {
        "type": "Polygon",
        "coordinates": [
          [
            [
              77.2129271,
              28.5336203
            ],
            [
              77.2126384,
              28.5335452
            ],
            [
              77.21193,
              28.5340125
            ],
            [
              77.2117665,
              28.534799
            ],
            [
              77.2126228,
              28.5349905
            ],
            [
              77.2131609,
              28.5344123
            ],
            [
              77.2132617,
              28.5343039
            ],
            [
              77.2127944,
              28.5341553
            ],
            [
              77.2129271,
              28.5336203
            ]
          ]
        ]
      }
    },
    {
      "type": "Feature",
      "properties": {
        "building": "yes",
        "name": "Electric Substation",
        "power": "substation",
        "_osm_type": "way",
        "_osm_id": 44091397,
        "_source": "OpenStreetMap contributors via Overpass API (https://overpass-api.de/api/interpreter)",
        "_fetched_at": "2026-07-07T07:27:58Z",
        "_status": "ok",
        "_note": "Overpass bbox query, 312 raw elements (310 node/way features kept). 2 relation(s) skipped (multipolygon reconstruction not implemented) -- see osm_ids [8800378, 20982995]."
      },
      "geometry": {
        "type": "Polygon",
        "coordinates": [
          [
            [
              77.1857359,
              28.5389209
            ],
            [
              77.1858389,
              28.5388832
            ],
            [
              77.1857788,
              28.5387701
            ],
            [
              77.1856759,
              28.5388078
            ],
            [
              77.1857359,
              28.5389209
            ]
          ]
        ]
      }
    },
    {
      "type": "Feature",
      "properties": {
        "amenity": "school",
        "name": "The Mother's International School",
        "_osm_type": "way",
        "_osm_id": 44091823,
        "_source": "OpenStreetMap contributors via Overpass API (https://overpass-api.de/api/interpreter)",
        "_fetched_at": "2026-07-07T07:27:58Z",
        "_status": "ok",
        "_note": "Overpass bbox query, 312 raw elements (310 node/way features kept). 2 relation(s) skipped (multipolygon reconstruction not implemented) -- see osm_ids [8800378, 20982995]."
      },
      "geometry": {
        "type": "Polygon",
        "coordinates": [
          [
            [
              77.2007123,
              28.5414142
            ],
            [
              77.2010986,
              28.5413011
            ],
            [
              77.201502,
              28.5418892
            ],
            [
              77.2026779,
              28.5414217
            ],
            [
              77.2025148,
              28.5409543
            ],
            [
              77.2025502,
              28.5409398
            ],
            [
              77.2031585,
              28.5406904
            ],
            [
              77.2032014,
              28.5405848
            ],
            [
              77.2032443,
              28.5404114
            ],
            [
              77.2029096,
              28.5394236
            ],
            [
              77.2027208,
              28.5392653
            ],
            [
              77.2025467,
              28.5392603
            ],
            [
              77.2023541,
              28.5392759
            ],
            [
              77.20218,
              28.5393407
            ],
            [
              77.2019826,
              28.5387978
            ],
            [
              77.2018968,
              28.5387676
            ],
            [
              77.2017018,
              28.5388159
            ],
            [
              77.2018563,
              28.5393287
            ],
            [
              77.2019569,
              28.5395593
            ],
            [
              77.2021285,
              28.5400872
            ],
            [
              77.2017938,
              28.5402003
            ],
            [
              77.2017251,
              28.5400495
            ],
            [
              77.201296,
              28.5402153
            ],
            [
              77.2014409,
              28.5405528
            ],
            [
              77.2004568,
              28.5409197
            ],
            [
              77.2007123,
              28.5414142
            ]
          ]
        ]
      }
    },
    {
      "type": "Feature",
      "properties": {
        "amenity": "school",
        "barrier": "wall",
        "name": "Mother's International School",
        "_osm_type": "way",
        "_osm_id": 44091868,
        "_source": "OpenStreetMap contributors via Overpass API (https://overpass-api.de/api/interpreter)",
        "_fetched_at": "2026-07-07T07:27:58Z",
        "_status": "ok",
        "_note": "Overpass bbox query, 312 raw elements (310 node/way features kept). 2 relation(s) skipped (multipolygon reconstruction not implemented) -- see osm_ids [8800378, 20982995]."
      },
      "geometry": {
        "type": "Polygon",
        "coordinates": [
          [
            [
              77.1992618,
              28.5393407
            ],
            [
              77.2001716,
              28.5390843
            ],
            [
              77.2006661,
              28.5389595
            ],
            [
              77.2009183,
              28.5388958
            ],
            [
              77.2017224,
              28.5387729
            ],
            [
              77.20187,
              28.5387473
            ],
            [
              77.2021027,
              28.5387689
            ],
            [
              77.2029099,
              28.5389998
            ],
            [
              77.2032648,
              28.539094
            ],
            [
              77.2036227,
              28.5391518
            ],
            [
              77.2040708,
              28.5392629
            ],
            [
              77.2044631,
              28.5393708
            ],
            [
              77.2046691,
              28.5394764
            ],
            [
              77.2046348,
              28.5398383
            ],
            [
              77.2047783,
              28.5401289
            ],
            [
              77.2040142,
              28.5404704
            ],
            [
              77.203176,
              28.5407842
            ],
            [
              77.2030583,
              28.5408282
            ],
            [
              77.2028637,
              28.5409011
            ],
            [
              77.2025834,
              28.5410146
            ],
            [
              77.2027465,
              28.5414368
            ],
            [
              77.2014813,
              28.5419299
            ],
            [
              77.2011035,
              28.5413643
            ],
            [
              77.2002403,
              28.5417837
            ],
            [
              77.199854,
              28.5409995
            ],
            [
              77.1997424,
              28.5407582
            ],
            [
              77.1995175,
              28.5401527
            ],
            [
              77.1992618,
              28.5393407
            ]
          ]
        ]
      }
    },
    {
      "type": "Feature",
      "properties": {
        "alt_name": "NIPFP",
        "amenity": "public_building",
        "building": "yes",
        "name": "National Institute of Public Finance and Policy (NIPFP)",
        "wikidata": "Q6973695",
        "wikipedia": "en:National Institute of Public Finance and Policy",
        "_osm_type": "way",
        "_osm_id": 98724294,
        "_source": "OpenStreetMap contributors via Overpass API (https://overpass-api.de/api/interpreter)",
        "_fetched_at": "2026-07-07T07:27:58Z",
        "_status": "ok",
        "_note": "Overpass bbox query, 312 raw elements (310 node/way features kept). 2 relation(s) skipped (multipolygon reconstruction not implemented) -- see osm_ids [8800378, 20982995]."
      },
      "geometry": {
        "type": "Polygon",
        "coordinates": [
          [
            [
              77.1781945,
              28.5420241
            ],
            [
              77.1775078,
              28.5423507
            ],
            [
              77.1770833,
              28.5416621
            ],
            [
              77.1777701,
              28.5413355
            ],
            [
              77.1781945,
              28.5420241
            ]
          ]
        ]
      }
    },
    {
      "type": "Feature",
      "properties": {
        "amenity": "college",
        "government": "emergency",
        "name": "National Disaster Management Authority",
        "office": "government",
        "short_name": "NDMA",
        "website": "https://ndma.gov.in/",
        "_osm_type": "way",
        "_osm_id": 111288341,
        "_source": "OpenStreetMap contributors via Overpass API (https://overpass-api.de/api/interpreter)",
        "_fetched_at": "2026-07-07T07:27:58Z",
        "_status": "ok",
        "_note": "Overpass bbox query, 312 raw elements (310 node/way features kept). 2 relation(s) skipped (multipolygon reconstruction not implemented) -- see osm_ids [8800378, 20982995]."
      },
      "geometry": {
        "type": "Polygon",
        "coordinates": [
          [
            [
              77.1995316,
              28.5667513
            ],
            [
              77.198837,
              28.5666962
            ],
            [
              77.1987952,
              28.5660641
            ],
            [
              77.1998915,
              28.5661192
            ],
            [
              77.1996571,
              28.5665125
            ],
            [
              77.1995316,
              28.5667513
            ]
          ]
        ]
      }
    },
    {
      "type": "Feature",
      "properties": {
        "amenity": "hospital",
        "designation": "General Physician",
        "emergency": "yes",
        "healthcare": "hospital",
        "name": "Shamsi Clinic",
        "_osm_type": "way",
        "_osm_id": 147110696,
        "_source": "OpenStreetMap contributors via Overpass API (https://overpass-api.de/api/interpreter)",
        "_fetched_at": "2026-07-07T07:27:58Z",
        "_status": "ok",
        "_note": "Overpass bbox query, 312 raw elements (310 node/way features kept). 2 relation(s) skipped (multipolygon reconstruction not implemented) -- see osm_ids [8800378, 20982995]."
      },
      "geometry": {
        "type": "Polygon",
        "coordinates": [
          [
            [
              77.2140571,
              28.5303105
            ],
            [
              77.2140142,
              28.5303058
            ],
            [
              77.214007,
              28.5303354
            ],
            [
              77.2140545,
              28.5303435
            ],
            [
              77.2140571,
              28.5303105
            ]
          ]
        ]
      }
    },
    {
      "type": "Feature",
      "properties": {
        "amenity": "school",
        "name": "SKV Raja Ram Mohan Roy School",
        "name:etymology:wikidata": "Q335269",
        "_osm_type": "way",
        "_osm_id": 149510412,
        "_source": "OpenStreetMap contributors via Overpass API (https://overpass-api.de/api/interpreter)",
        "_fetched_at": "2026-07-07T07:27:58Z",
        "_status": "ok",
        "_note": "Overpass bbox query, 312 raw elements (310 node/way features kept). 2 relation(s) skipped (multipolygon reconstruction not implemented) -- see osm_ids [8800378, 20982995]."
      },
      "geometry": {
        "type": "Polygon",
        "coordinates": [
          [
            [
              77.2137706,
              28.5299595
            ],
            [
              77.212778,
              28.5298181
            ],
            [
              77.2125687,
              28.5299454
            ],
            [
              77.2126385,
              28.53069
            ],
            [
              77.212778,
              28.5307042
            ],
            [
              77.2128101,
              28.5307843
            ],
            [
              77.2127833,
              28.5309492
            ],
            [
              77.2128691,
              28.5310294
            ],
            [
              77.213069,
              28.5311109
            ],
            [
              77.2130958,
              28.531092
            ],
            [
              77.213132,
              28.5310246
            ],
            [
              77.2130636,
              28.5310072
            ],
            [
              77.2134419,
              28.5306525
            ],
            [
              77.2136092,
              28.5306099
            ],
            [
              77.2137862,
              28.5305392
            ],
            [
              77.2137706,
              28.5299595
            ]
          ]
        ]
      }
    },
    {
      "type": "Feature",
      "properties": {
        "addr:housenumber": "2",
        "addr:postcode": "110017",
        "addr:street": "Press Enclave Marg",
        "amenity": "hospital",
        "barrier": "wall",
        "emergency": "yes",
        "healthcare": "hospital",
        "name": "MAX Hospital",
        "url": "http://www.maxhealthcare.in/",
        "_osm_type": "way",
        "_osm_id": 150520027,
        "_source": "OpenStreetMap contributors via Overpass API (https://overpass-api.de/api/interpreter)",
        "_fetched_at": "2026-07-07T07:27:58Z",
        "_status": "ok",
        "_note": "Overpass bbox query, 312 raw elements (310 node/way features kept). 2 relation(s) skipped (multipolygon reconstruction not implemented) -- see osm_ids [8800378, 20982995]."
      },
      "geometry": {
        "type": "Polygon",
        "coordinates": [
          [
            [
              77.2106559,
              28.5280519
            ],
            [
              77.2110986,
              28.527214
            ],
            [
              77.2120434,
              28.5263987
            ],
            [
              77.2127139,
              28.5266993
            ],
            [
              77.2121912,
              28.5283025
            ],
            [
              77.2120985,
              28.5282836
            ],
            [
              77.2116591,
              28.5281827
            ],
            [
              77.2112297,
              28.5281215
            ],
            [
              77.2108108,
              28.5280879
            ],
            [
              77.2106559,
              28.5280519
            ]
          ]
        ]
      }
    },
    {
      "type": "Feature",
      "properties": {
        "amenity": "school",
        "barrier": "wall",
        "name": "Gyan Bharati School",
        "_osm_type": "way",
        "_osm_id": 239641078,
        "_source": "OpenStreetMap contributors via Overpass API (https://overpass-api.de/api/interpreter)",
        "_fetched_at": "2026-07-07T07:27:58Z",
        "_status": "ok",
        "_note": "Overpass bbox query, 312 raw elements (310 node/way features kept). 2 relation(s) skipped (multipolygon reconstruction not implemented) -- see osm_ids [8800378, 20982995]."
      },
      "geometry": {
        "type": "Polygon",
        "coordinates": [
          [
            [
              77.206154,
              28.5250321
            ],
            [
              77.2080826,
              28.5245926
            ],
            [
              77.2083418,
              28.5256993
            ],
            [
              77.2072605,
              28.5259092
            ],
            [
              77.2066918,
              28.5260153
            ],
            [
              77.20574,
              28.5262078
            ],
            [
              77.2056826,
              28.5259397
            ],
            [
              77.2056735,
              28.5257505
            ],
            [
              77.205738,
              28.5255206
            ],
            [
              77.2061187,
              28.5250758
            ],
            [
              77.206154,
              28.5250321
            ]
          ]
        ]
      }
    },
    {
      "type": "Feature",
      "properties": {
        "amenity": "school",
        "building": "yes",
        "_osm_type": "way",
        "_osm_id": 254130940,
        "_source": "OpenStreetMap contributors via Overpass API (https://overpass-api.de/api/interpreter)",
        "_fetched_at": "2026-07-07T07:27:58Z",
        "_status": "ok",
        "_note": "Overpass bbox query, 312 raw elements (310 node/way features kept). 2 relation(s) skipped (multipolygon reconstruction not implemented) -- see osm_ids [8800378, 20982995]."
      },
      "geometry": {
        "type": "Polygon",
        "coordinates": [
          [
            [
              77.2126951,
              28.5303431
            ],
            [
              77.2127711,
              28.5303392
            ],
            [
              77.2127685,
              28.5303005
            ],
            [
              77.2128516,
              28.5302963
            ],
            [
              77.2128541,
              28.530334
            ],
            [
              77.2129476,
              28.5303292
            ],
            [
              77.2129387,
              28.5301948
            ],
            [
              77.2128049,
              28.5302017
            ],
            [
              77.2127975,
              28.5300907
            ],
            [
              77.2129546,
              28.5300826
            ],
            [
              77.212959,
              28.5301483
            ],
            [
              77.2131807,
              28.5301369
            ],
            [
              77.2131712,
              28.529995
            ],
            [
              77.2128295,
              28.5300127
            ],
            [
              77.2128242,
              28.5299328
            ],
            [
              77.2128577,
              28.5299311
            ],
            [
              77.2128558,
              28.5299026
            ],
            [
              77.2126899,
              28.5299111
            ],
            [
              77.2126967,
              28.530013
            ],
            [
              77.2126144,
              28.5300172
            ],
            [
              77.2126266,
              28.530199
            ],
            [
              77.2126842,
              28.5301961
            ],
            [
              77.2126858,
              28.5302203
            ],
            [
              77.2127483,
              28.5302171
            ],
            [
              77.2127514,
              28.5302636
            ],
            [
              77.21269,
              28.5302668
            ],
            [
              77.2126951,
              28.5303431
            ]
          ]
        ]
      }
    },
    {
      "type": "Feature",
      "properties": {
        "amenity": "school",
        "name": "Father Agnel School",
        "wikidata": "Q16836349",
        "wikipedia": "en:Fr. Agnel School, New Delhi",
        "_osm_type": "way",
        "_osm_id": 262807180,
        "_source": "OpenStreetMap contributors via Overpass API (https://overpass-api.de/api/interpreter)",
        "_fetched_at": "2026-07-07T07:27:58Z",
        "_status": "ok",
        "_note": "Overpass bbox query, 312 raw elements (310 node/way features kept). 2 relation(s) skipped (multipolygon reconstruction not implemented) -- see osm_ids [8800378, 20982995]."
      },
      "geometry": {
        "type": "Polygon",
        "coordinates": [
          [
            [
              77.2143013,
              28.5603489
            ],
            [
              77.2136074,
              28.5601216
            ],
            [
              77.2133679,
              28.5606081
            ],
            [
              77.2149289,
              28.5614703
            ],
            [
              77.2152615,
              28.5610745
            ],
            [
              77.2143013,
              28.5603489
            ]
          ]
        ]
      }
    },
    {
      "type": "Feature",
      "properties": {
        "addr:housenumber": "B-32",
        "amenity": "public_building",
        "barrier": "wall",
        "name": "Development Alternatives",
        "_osm_type": "way",
        "_osm_id": 265040141,
        "_source": "OpenStreetMap contributors via Overpass API (https://overpass-api.de/api/interpreter)",
        "_fetched_at": "2026-07-07T07:27:58Z",
        "_status": "ok",
        "_note": "Overpass bbox query, 312 raw elements (310 node/way features kept). 2 relation(s) skipped (multipolygon reconstruction not implemented) -- see osm_ids [8800378, 20982995]."
      },
      "geometry": {
        "type": "Polygon",
        "coordinates": [
          [
            [
              77.1809324,
              28.5378829
            ],
            [
              77.1805171,
              28.5380083
            ],
            [
              77.180302,
              28.5374584
            ],
            [
              77.1807172,
              28.537333
            ],
            [
              77.1809324,
              28.5378829
            ]
          ]
        ]
      }
    },
    {
      "type": "Feature",
      "properties": {
        "amenity": "public_building",
        "building": "yes",
        "name": "Indian Oil",
        "_osm_type": "way",
        "_osm_id": 265964347,
        "_source": "OpenStreetMap contributors via Overpass API (https://overpass-api.de/api/interpreter)",
        "_fetched_at": "2026-07-07T07:27:58Z",
        "_status": "ok",
        "_note": "Overpass bbox query, 312 raw elements (310 node/way features kept). 2 relation(s) skipped (multipolygon reconstruction not implemented) -- see osm_ids [8800378, 20982995]."
      },
      "geometry": {
        "type": "Polygon",
        "coordinates": [
          [
            [
              77.2076019,
              28.5586909
            ],
            [
              77.2079862,
              28.5586203
            ],
            [
              77.2081077,
              28.5587871
            ],
            [
              77.2081214,
              28.5588763
            ],
            [
              77.2080197,
              28.5588868
            ],
            [
              77.2080306,
              28.558968
            ],
            [
              77.2076501,
              28.5590156
            ],
            [
              77.2076019,
              28.5586909
            ]
          ]
        ]
      }
    },
    {
      "type": "Feature",
      "properties": {
        "addr:place": "Panchsheel Park (South)",
        "addr:postcode": "110016",
        "amenity": "school",
        "barrier": "wall",
        "name": "Manava Bharti India International School",
        "operator:type": "private",
        "_osm_type": "way",
        "_osm_id": 275872534,
        "_source": "OpenStreetMap contributors via Overpass API (https://overpass-api.de/api/interpreter)",
        "_fetched_at": "2026-07-07T07:27:58Z",
        "_status": "ok",
        "_note": "Overpass bbox query, 312 raw elements (310 node/way features kept). 2 relation(s) skipped (multipolygon reconstruction not implemented) -- see osm_ids [8800378, 20982995]."
      },
      "geometry": {
        "type": "Polygon",
        "coordinates": [
          [
            [
              77.2186094,
              28.5408506
            ],
            [
              77.2176281,
              28.540872
            ],
            [
              77.2176265,
              28.5412294
            ],
            [
              77.2163246,
              28.5412752
            ],
            [
              77.2163311,
              28.5407605
            ],
            [
              77.2159424,
              28.5407467
            ],
            [
              77.2158987,
              28.5406496
            ],
            [
              77.2159101,
              28.5404452
            ],
            [
              77.2163504,
              28.5401054
            ],
            [
              77.2165936,
              28.5399177
            ],
            [
              77.2165938,
              28.5398667
            ],
            [
              77.2172226,
              28.5398469
            ],
            [
              77.2182609,
              28.5405984
            ],
            [
              77.2186094,
              28.5408506
            ]
          ]
        ]
      }
    },
    {
      "type": "Feature",
      "properties": {
        "addr:city": "National Capital Territory of Delhi",
        "addr:country": "IN",
        "addr:district": "South Delhi",
        "addr:postcode": "110016",
        "addr:street": "Gamal Abdel Nasser Marg",
        "amenity": "university",
        "barrier": "wall",
        "contact:facebook": "https://www.facebook.com/IITDelhi",
        "email": "director@admin.iitd.ac.in",
        "internet_access": "yes",
        "name": "Indian Institute of Technology Delhi",
        "name:ar": "\u0627\u0644\u0645\u0639\u0647\u062f \u0627\u0644\u0647\u0646\u062f\u064a \u0644\u0644\u062a\u0643\u0646\u0648\u0644\u0648\u062c\u064a\u0627 \u062f\u0644\u0647\u064a",
        "name:fr": "Institut indien de technologie de Delhi",
        "name:hi": "\u092d\u093e\u0930\u0924\u0940\u092f \u092a\u094d\u0930\u094c\u0926\u094d\u092f\u094b\u0917\u093f\u0915\u0940 \u0938\u0902\u0938\u094d\u0925\u093e\u0928 \u0926\u093f\u0932\u094d\u0932\u0940",
        "name:ml": "\u0d07\u0d28\u0d4d\u0d24\u0d4d\u0d2f\u0d7b \u0d07\u0d7b\u0d38\u0d4d\u0d31\u0d4d\u0d31\u0d3f\u0d31\u0d4d\u0d31\u0d4d\u0d2f\u0d42\u0d1f\u0d4d\u0d1f\u0d4d \u0d13\u0d2b\u0d4d \u0d1f\u0d46\u0d15\u0d4d\u0d28\u0d4b\u0d33\u0d1c\u0d3f \u0d21\u0d46\u0d7d\u0d39\u0d3f",
        "name:mr": "\u092d\u093e\u0930\u0924\u0940\u092f \u0924\u0902\u0924\u094d\u0930\u091c\u094d\u091e\u093e\u0928 \u0938\u0902\u0938\u094d\u0925\u093e \u0926\u093f\u0932\u094d\u0932\u0940",
        "name:ta": "\u0b87\u0ba8\u0bcd\u0ba4\u0bbf\u0baf \u0ba4\u0bca\u0bb4\u0bbf\u0bb2\u0bcd\u0ba8\u0bc1\u0b9f\u0bcd\u0baa\u0b95\u0bcd \u0b95\u0bb4\u0b95\u0bae\u0bcd \u0ba4\u0bbf\u0bb2\u0bcd\u0bb2\u0bbf",
        "official_name": "Indian Institute of Technology Delhi",
        "official_name:hi": "\u092d\u093e\u0930\u0924\u0940\u092f \u092a\u094d\u0930\u094c\u0926\u094d\u092f\u094b\u0917\u093f\u0915\u0940 \u0938\u0902\u0938\u094d\u0925\u093e\u0928 \u0926\u093f\u0932\u094d\u0932\u0940",
        "operator": "Govt of India",
        "operator:type": "public",
        "phone": "+91 11 2659 7135",
        "short_name": "IIT Delhi;IITD",
        "start_date": "1961-08-21",
        "website": "http://iitd.ac.in/",
        "wikidata": "Q1194650",
        "wikimedia_commons": "Category:IIT Delhi",
        "wikipedia": "en:IIT Delhi",
        "_osm_type": "way",
        "_osm_id": 283148869,
        "_source": "OpenStreetMap contributors via Overpass API (https://overpass-api.de/api/interpreter)",
        "_fetched_at": "2026-07-07T07:27:58Z",
        "_status": "ok",
        "_note": "Overpass bbox query, 312 raw elements (310 node/way features kept). 2 relation(s) skipped (multipolygon reconstruction not implemented) -- see osm_ids [8800378, 20982995]."
      },
      "geometry": {
        "type": "Polygon",
        "coordinates": [
          [
            [
              77.1988483,
              28.5393769
            ],
            [
              77.1923979,
              28.5419271
            ],
            [
              77.1919958,
              28.5420289
            ],
            [
              77.1899984,
              28.5413219
            ],
            [
              77.1882993,
              28.5422962
            ],
            [
              77.1869689,
              28.5430511
            ],
            [
              77.1868148,
              28.5428492
            ],
            [
              77.1865556,
              28.5429955
            ],
            [
              77.1868372,
              28.5435528
            ],
            [
              77.1865383,
              28.5436553
            ],
            [
              77.1867993,
              28.5441218
            ],
            [
              77.1863805,
              28.5442706
            ],
            [
              77.1860939,
              28.544417
            ],
            [
              77.1860811,
              28.5444225
            ],
            [
              77.185985,
              28.5442516
            ],
            [
              77.1856377,
              28.5437054
            ],
            [
              77.185013,
              28.5435824
            ],
            [
              77.1847217,
              28.5436663
            ],
            [
              77.1839772,
              28.54378
            ],
            [
              77.183728,
              28.5434175
            ],
            [
              77.1837005,
              28.5433066
            ],
            [
              77.1836796,
              28.5432008
            ],
            [
              77.1839085,
              28.5425031
            ],
            [
              77.1833455,
              28.5416968
            ],
            [
              77.1785937,
              28.5445687
            ],
            [
              77.1792541,
              28.5457117
            ],
            [
              77.1793645,
              28.5459717
            ],
            [
              77.1795778,
              28.5464738
            ],
            [
              77.1800989,
              28.5481582
            ],
            [
              77.18064,
              28.5480155
            ],
            [
              77.1806092,
              28.5478956
            ],
            [
              77.1806708,
              28.547874
            ],
            [
              77.1806683,
              28.5478601
            ],
            [
              77.1806578,
              28.5476323
            ],
            [
              77.1806624,
              28.5475792
            ],
            [
              77.1809818,
              28.547461
            ],
            [
              77.1813046,
              28.5476404
            ],
            [
              77.1814312,
              28.5475479
            ],
            [
              77.1815529,
              28.547402
            ],
            [
              77.1819925,
              28.5470879
            ],
            [
              77.1829506,
              28.5486575
            ],
            [
              77.1832239,
              28.5492691
            ],
            [
              77.1833649,
              28.5495372
            ],
            [
              77.1837842,
              28.550356
            ],
            [
              77.1848346,
              28.5498939
            ],
            [
              77.1861892,
              28.549361
            ],
            [
              77.1861114,
              28.5492059
            ],
            [
              77.1866155,
              28.5489962
            ],
            [
              77.1866925,
              28.549151
            ],
            [
              77.1900989,
              28.5477413
            ],
            [
              77.1897516,
              28.5473833
            ],
            [
              77.1894391,
              28.5472511
            ],
            [
              77.1893331,
              28.5472063
            ],
            [
              77.1888022,
              28.5470755
            ],
            [
              77.1886655,
              28.5467574
            ],
            [
              77.1885191,
              28.546409
            ],
            [
              77.1883232,
              28.5456425
            ],
            [
              77.1900387,
              28.5451705
            ],
            [
              77.1900366,
              28.5458227
            ],
            [
              77.1901682,
              28.5463704
            ],
            [
              77.1901941,
              28.5468765
            ],
            [
              77.1902167,
              28.547104
            ],
            [
              77.1897603,
              28.5472348
            ],
            [
              77.1902653,
              28.5476556
            ],
            [
              77.191465,
              28.5472986
            ],
            [
              77.1936642,
              28.5466015
            ],
            [
              77.1936974,
              28.54657
            ],
            [
              77.1942158,
              28.5464202
            ],
            [
              77.1942587,
              28.5463876
            ],
            [
              77.1947546,
              28.5462303
            ],
            [
              77.1947341,
              28.5460992
            ],
            [
              77.1951666,
              28.5459767
            ],
            [
              77.1952607,
              28.5461362
            ],
            [
              77.19749,
              28.545506
            ],
            [
              77.2001313,
              28.5448236
            ],
            [
              77.2005709,
              28.5447345
            ],
            [
              77.2007588,
              28.5446398
            ],
            [
              77.2008871,
              28.544499
            ],
            [
              77.2009525,
              28.5443312
            ],
            [
              77.2009608,
              28.5441814
            ],
            [
              77.2007876,
              28.543741
            ],
            [
              77.2003506,
              28.5429254
            ],
            [
              77.1994499,
              28.5408243
            ],
            [
              77.1988483,
              28.5393769
            ]
          ]
        ]
      }
    },
    {
      "type": "Feature",
      "properties": {
        "addr:district": "South",
        "addr:full": "Press Enclave Marg, Saket District Centre, Saket Institutional Area, Saket",
        "addr:postcode": "110017",
        "addr:state": "Delhi",
        "amenity": "hospital",
        "barrier": "wall",
        "contact:phone": "011 4069 9999",
        "healthcare": "hospital",
        "name": "Saket City Hospital",
        "source": "OpenGovernmentData",
        "_osm_type": "way",
        "_osm_id": 284837724,
        "_source": "OpenStreetMap contributors via Overpass API (https://overpass-api.de/api/interpreter)",
        "_fetched_at": "2026-07-07T07:27:58Z",
        "_status": "ok",
        "_note": "Overpass bbox query, 312 raw elements (310 node/way features kept). 2 relation(s) skipped (multipolygon reconstruction not implemented) -- see osm_ids [8800378, 20982995]."
      },
      "geometry": {
        "type": "Polygon",
        "coordinates": [
          [
            [
              77.2128805,
              28.528539
            ],
            [
              77.2135007,
              28.5266949
            ],
            [
              77.2138133,
              28.525806
            ],
            [
              77.2155775,
              28.5262622
            ],
            [
              77.2148376,
              28.5290087
            ],
            [
              77.2128805,
              28.528539
            ]
          ]
        ]
      }
    },
    {
      "type": "Feature",
      "properties": {
        "amenity": "police",
        "barrier": "wall",
        "_osm_type": "way",
        "_osm_id": 291621843,
        "_source": "OpenStreetMap contributors via Overpass API (https://overpass-api.de/api/interpreter)",
        "_fetched_at": "2026-07-07T07:27:58Z",
        "_status": "ok",
        "_note": "Overpass bbox query, 312 raw elements (310 node/way features kept). 2 relation(s) skipped (multipolygon reconstruction not implemented) -- see osm_ids [8800378, 20982995]."
      },
      "geometry": {
        "type": "Polygon",
        "coordinates": [
          [
            [
              77.2192639,
              28.5329618
            ],
            [
              77.2190877,
              28.5329597
            ],
            [
              77.2190808,
              28.5328371
            ],
            [
              77.2199004,
              28.53269
            ],
            [
              77.2198935,
              28.5329293
            ],
            [
              77.2194562,
              28.5329638
            ],
            [
              77.2194516,
              28.5328592
            ],
            [
              77.2192593,
              28.5328753
            ],
            [
              77.2192639,
              28.5329618
            ]
          ]
        ]
      }
    },
    {
      "type": "Feature",
      "properties": {
        "amenity": "school",
        "name": "Sarvodaya Kanya Vidyalaya - Hauz Khas 1",
        "operator:type": "public",
        "_osm_type": "way",
        "_osm_id": 292824629,
        "_source": "OpenStreetMap contributors via Overpass API (https://overpass-api.de/api/interpreter)",
        "_fetched_at": "2026-07-07T07:27:58Z",
        "_status": "ok",
        "_note": "Overpass bbox query, 312 raw elements (310 node/way features kept). 2 relation(s) skipped (multipolygon reconstruction not implemented) -- see osm_ids [8800378, 20982995]."
      },
      "geometry": {
        "type": "Polygon",
        "coordinates": [
          [
            [
              77.2216937,
              28.5427271
            ],
            [
              77.223182,
              28.5426271
            ],
            [
              77.2232052,
              28.5429331
            ],
            [
              77.2232413,
              28.5434076
            ],
            [
              77.2231398,
              28.5435483
            ],
            [
              77.2225265,
              28.5436129
            ],
            [
              77.221914,
              28.5436364
            ],
            [
              77.2217563,
              28.5434946
            ],
            [
              77.2217127,
              28.5432137
            ],
            [
              77.2216937,
              28.5427271
            ]
          ]
        ]
      }
    },
    {
      "type": "Feature",
      "properties": {
        "addr:city": "New Delhi",
        "addr:postcode": "110029",
        "addr:street": "Church Road",
        "amenity": "school",
        "brand": "Kendriya Vidyalaya",
        "brand:wikidata": "Q1156653",
        "grades": "0-12",
        "name": "Kendriya Vidyalaya, RK Puram, Sector-2",
        "operator": "Delhi Government",
        "operator:type": "government_non_profit",
        "religion": "no",
        "_osm_type": "way",
        "_osm_id": 295816372,
        "_source": "OpenStreetMap contributors via Overpass API (https://overpass-api.de/api/interpreter)",
        "_fetched_at": "2026-07-07T07:27:58Z",
        "_status": "ok",
        "_note": "Overpass bbox query, 312 raw elements (310 node/way features kept). 2 relation(s) skipped (multipolygon reconstruction not implemented) -- see osm_ids [8800378, 20982995]."
      },
      "geometry": {
        "type": "Polygon",
        "coordinates": [
          [
            [
              77.1862855,
              28.5631771
            ],
            [
              77.1865772,
              28.5629942
            ],
            [
              77.1872035,
              28.5627403
            ],
            [
              77.1871573,
              28.5621301
            ],
            [
              77.1855301,
              28.5618754
            ],
            [
              77.1853917,
              28.5618029
            ],
            [
              77.1849406,
              28.5620226
            ],
            [
              77.1854206,
              28.5625534
            ],
            [
              77.1857484,
              28.5629708
            ],
            [
              77.1860491,
              28.562825
            ],
            [
              77.1862855,
              28.5631771
            ]
          ]
        ]
      }
    },
    {
      "type": "Feature",
      "properties": {
        "addr:city": "New Delhi",
        "addr:street": "Africa Avenue Marg",
        "amenity": "kindergarten",
        "check_date": "2025-02-10",
        "name": "Saksham Pre School",
        "_osm_type": "way",
        "_osm_id": 295817999,
        "_source": "OpenStreetMap contributors via Overpass API (https://overpass-api.de/api/interpreter)",
        "_fetched_at": "2026-07-07T07:27:58Z",
        "_status": "ok",
        "_note": "Overpass bbox query, 312 raw elements (310 node/way features kept). 2 relation(s) skipped (multipolygon reconstruction not implemented) -- see osm_ids [8800378, 20982995]."
      },
      "geometry": {
        "type": "Polygon",
        "coordinates": [
          [
            [
              77.188089,
              28.5630003
            ],
            [
              77.1880233,
              28.5627196
            ],
            [
              77.188356,
              28.5626596
            ],
            [
              77.1884217,
              28.5629402
            ],
            [
              77.188089,
              28.5630003
            ]
          ]
        ]
      }
    },
    {
      "type": "Feature",
      "properties": {
        "addr:city": "New Delhi",
        "addr:housenumber": "National Institute of Fashion Technology",
        "addr:postcode": "110016",
        "addr:street": "Hauz Khas",
        "amenity": "college",
        "name": "National Institute of Fashion Technology",
        "phone": "+91-11-2654-2100;+91-11-2654-2196",
        "short_name": "NIFT",
        "website": "https://www.nift.ac.in/",
        "wheelchair": "yes",
        "_osm_type": "way",
        "_osm_id": 303037977,
        "_source": "OpenStreetMap contributors via Overpass API (https://overpass-api.de/api/interpreter)",
        "_fetched_at": "2026-07-07T07:27:58Z",
        "_status": "ok",
        "_note": "Overpass bbox query, 312 raw elements (310 node/way features kept). 2 relation(s) skipped (multipolygon reconstruction not implemented) -- see osm_ids [8800378, 20982995]."
      },
      "geometry": {
        "type": "Polygon",
        "coordinates": [
          [
            [
              77.2073206,
              28.5568273
            ],
            [
              77.2071174,
              28.5563869
            ],
            [
              77.2087801,
              28.5556513
            ],
            [
              77.2090891,
              28.5558191
            ],
            [
              77.2094062,
              28.5555763
            ],
            [
              77.2096989,
              28.5557798
            ],
            [
              77.2094184,
              28.5560869
            ],
            [
              77.2088289,
              28.5564297
            ],
            [
              77.2073206,
              28.5568273
            ]
          ]
        ]
      }
    },
    {
      "type": "Feature",
      "properties": {
        "addr:district": "New Delhi",
        "addr:full": "Tamil Sangam Marg, R.K.Puram, sec-5",
        "addr:postcode": "110022",
        "addr:state": "Delhi",
        "amenity": "hospital",
        "building": "yes",
        "contact:phone": "011-26174490",
        "description": "<100 Bedded Hospital",
        "healthcare": "hospital",
        "name": "C.G.H.S. Maternity & Gynae Hospital",
        "source": "OpenGovernmentData",
        "_osm_type": "way",
        "_osm_id": 351121261,
        "_source": "OpenStreetMap contributors via Overpass API (https://overpass-api.de/api/interpreter)",
        "_fetched_at": "2026-07-07T07:27:58Z",
        "_status": "ok",
        "_note": "Overpass bbox query, 312 raw elements (310 node/way features kept). 2 relation(s) skipped (multipolygon reconstruction not implemented) -- see osm_ids [8800378, 20982995]."
      },
      "geometry": {
        "type": "Polygon",
        "coordinates": [
          [
            [
              77.1768059,
              28.565701
            ],
            [
              77.1770732,
              28.565438
            ],
            [
              77.1769669,
              28.5653547
            ],
            [
              77.1769487,
              28.5653726
            ],
            [
              77.1768591,
              28.5653024
            ],
            [
              77.1767643,
              28.5653958
            ],
            [
              77.1768382,
              28.5654537
            ],
            [
              77.176684,
              28.5656055
            ],
            [
              77.1768059,
              28.565701
            ]
          ]
        ]
      }
    },
    {
      "type": "Feature",
      "properties": {
        "amenity": "college",
        "branch": "Malviya Nagar",
        "building": "yes",
        "name": "Industrial Training Institute",
        "operator": "Government of NCT of Delhi",
        "operator:type": "public",
        "_osm_type": "way",
        "_osm_id": 351321991,
        "_source": "OpenStreetMap contributors via Overpass API (https://overpass-api.de/api/interpreter)",
        "_fetched_at": "2026-07-07T07:27:58Z",
        "_status": "ok",
        "_note": "Overpass bbox query, 312 raw elements (310 node/way features kept). 2 relation(s) skipped (multipolygon reconstruction not implemented) -- see osm_ids [8800378, 20982995]."
      },
      "geometry": {
        "type": "Polygon",
        "coordinates": [
          [
            [
              77.2114975,
              28.5361055
            ],
            [
              77.2115961,
              28.536031
            ],
            [
              77.2111977,
              28.5356239
            ],
            [
              77.2110991,
              28.5356983
            ],
            [
              77.2114975,
              28.5361055
            ]
          ]
        ]
      }
    },
    {
      "type": "Feature",
      "properties": {
        "addr:district": "New Delhi",
        "addr:full": "CGHS Disp Building, R.K. Puram, Opp. Venkateshwar Temple",
        "addr:postcode": "110022",
        "addr:state": "Delhi",
        "amenity": "clinic",
        "building": "yes",
        "contact:phone": "011-26175323",
        "description": "Dispensaries",
        "health_facility:type": "dispensary",
        "healthcare": "clinic",
        "name": "CGHS Dispensary R.K.Puram sec-2",
        "source": "OpenGovernmentData",
        "_osm_type": "way",
        "_osm_id": 351840815,
        "_source": "OpenStreetMap contributors via Overpass API (https://overpass-api.de/api/interpreter)",
        "_fetched_at": "2026-07-07T07:27:58Z",
        "_status": "ok",
        "_note": "Overpass bbox query, 312 raw elements (310 node/way features kept). 2 relation(s) skipped (multipolygon reconstruction not implemented) -- see osm_ids [8800378, 20982995]."
      },
      "geometry": {
        "type": "Polygon",
        "coordinates": [
          [
            [
              77.1832195,
              28.5580386
            ],
            [
              77.1833209,
              28.5579593
            ],
            [
              77.183243,
              28.5578824
            ],
            [
              77.1831415,
              28.5579617
            ],
            [
              77.1832195,
              28.5580386
            ]
          ]
        ]
      }
    },
    {
      "type": "Feature",
      "properties": {
        "amenity": "school",
        "brand": "Kendriya Vidyalaya",
        "brand:wikidata": "Q1156653",
        "building": "school",
        "name": "Kendriya Vidyalaya",
        "operator:type": "government_non_profit",
        "_osm_type": "way",
        "_osm_id": 351859760,
        "_source": "OpenStreetMap contributors via Overpass API (https://overpass-api.de/api/interpreter)",
        "_fetched_at": "2026-07-07T07:27:58Z",
        "_status": "ok",
        "_note": "Overpass bbox query, 312 raw elements (310 node/way features kept). 2 relation(s) skipped (multipolygon reconstruction not implemented) -- see osm_ids [8800378, 20982995]."
      },
      "geometry": {
        "type": "Polygon",
        "coordinates": [
          [
            [
              77.198387,
              28.5428606
            ],
            [
              77.1985974,
              28.542417
            ],
            [
              77.1980442,
              28.5422145
            ],
            [
              77.1979731,
              28.5423645
            ],
            [
              77.1979287,
              28.5423482
            ],
            [
              77.197846,
              28.5425226
            ],
            [
              77.1976492,
              28.5424505
            ],
            [
              77.1976126,
              28.5425277
            ],
            [
              77.1977818,
              28.5425896
            ],
            [
              77.1977491,
              28.5426586
            ],
            [
              77.1978346,
              28.5426899
            ],
            [
              77.1978276,
              28.5427045
            ],
            [
              77.1978852,
              28.5427256
            ],
            [
              77.1978751,
              28.5427469
            ],
            [
              77.1979592,
              28.5427777
            ],
            [
              77.1979488,
              28.5427996
            ],
            [
              77.1980261,
              28.5428279
            ],
            [
              77.1980113,
              28.5428591
            ],
            [
              77.1980917,
              28.5428885
            ],
            [
              77.1981467,
              28.5427727
            ],
            [
              77.198387,
              28.5428606
            ]
          ]
        ]
      }
    },
    {
      "type": "Feature",
      "properties": {
        "addr:city": "New Delhi",
        "addr:postcode": "110017",
        "addr:street": "Outer Ring Road",
        "amenity": "clinic",
        "building": "yes",
        "check_date": "2023-11-01",
        "name": "Max Multi Speciality Centre",
        "_osm_type": "way",
        "_osm_id": 352513321,
        "_source": "OpenStreetMap contributors via Overpass API (https://overpass-api.de/api/interpreter)",
        "_fetched_at": "2026-07-07T07:27:58Z",
        "_status": "ok",
        "_note": "Overpass bbox query, 312 raw elements (310 node/way features kept). 2 relation(s) skipped (multipolygon reconstruction not implemented) -- see osm_ids [8800378, 20982995]."
      },
      "geometry": {
        "type": "Polygon",
        "coordinates": [
          [
            [
              77.2144021,
              28.5435808
            ],
            [
              77.2146025,
              28.5435691
            ],
            [
              77.2145808,
              28.5432811
            ],
            [
              77.2143804,
              28.5432927
            ],
            [
              77.2144021,
              28.5435808
            ]
          ]
        ]
      }
    },
    {
      "type": "Feature",
      "properties": {
        "amenity": "police",
        "name": "Saket Police Station",
        "_osm_type": "way",
        "_osm_id": 353149198,
        "_source": "OpenStreetMap contributors via Overpass API (https://overpass-api.de/api/interpreter)",
        "_fetched_at": "2026-07-07T07:27:58Z",
        "_status": "ok",
        "_note": "Overpass bbox query, 312 raw elements (310 node/way features kept). 2 relation(s) skipped (multipolygon reconstruction not implemented) -- see osm_ids [8800378, 20982995]."
      },
      "geometry": {
        "type": "Polygon",
        "coordinates": [
          [
            [
              77.2168385,
              28.5265101
            ],
            [
              77.2169291,
              28.5265405
            ],
            [
              77.2169731,
              28.5265798
            ],
            [
              77.2170565,
              28.5265989
            ],
            [
              77.217163,
              28.5266173
            ],
            [
              77.2173004,
              28.5261559
            ],
            [
              77.2169658,
              28.5260784
            ],
            [
              77.2168385,
              28.5265101
            ]
          ]
        ]
      }
    },
    {
      "type": "Feature",
      "properties": {
        "addr:postcode": "110016",
        "amenity": "post_office",
        "building": "yes",
        "name": "IIT Hauz Khas",
        "_osm_type": "way",
        "_osm_id": 358778374,
        "_source": "OpenStreetMap contributors via Overpass API (https://overpass-api.de/api/interpreter)",
        "_fetched_at": "2026-07-07T07:27:58Z",
        "_status": "ok",
        "_note": "Overpass bbox query, 312 raw elements (310 node/way features kept). 2 relation(s) skipped (multipolygon reconstruction not implemented) -- see osm_ids [8800378, 20982995]."
      },
      "geometry": {
        "type": "Polygon",
        "coordinates": [
          [
            [
              77.1990663,
              28.5428395
            ],
            [
              77.1993059,
              28.5427489
            ],
            [
              77.1992699,
              28.5426511
            ],
            [
              77.1990247,
              28.5427386
            ],
            [
              77.1990663,
              28.5428395
            ]
          ]
        ]
      }
    },
    {
      "type": "Feature",
      "properties": {
        "amenity": "pharmacy",
        "building": "yes",
        "drive_through": "no",
        "healthcare": "pharmacy",
        "opening_hours": "Mo-Su 08:00-23:00",
        "operator": "IIT Delhi",
        "_osm_type": "way",
        "_osm_id": 358793752,
        "_source": "OpenStreetMap contributors via Overpass API (https://overpass-api.de/api/interpreter)",
        "_fetched_at": "2026-07-07T07:27:58Z",
        "_status": "ok",
        "_note": "Overpass bbox query, 312 raw elements (310 node/way features kept). 2 relation(s) skipped (multipolygon reconstruction not implemented) -- see osm_ids [8800378, 20982995]."
      },
      "geometry": {
        "type": "Polygon",
        "coordinates": [
          [
            [
              77.187889,
              28.5457988
            ],
            [
              77.1879181,
              28.5457998
            ],
            [
              77.1879193,
              28.5457487
            ],
            [
              77.1878854,
              28.5457477
            ],
            [
              77.187889,
              28.5457988
            ]
          ]
        ]
      }
    },
    {
      "type": "Feature",
      "properties": {
        "addr:district": "South",
        "addr:full": "Malviya Nagar, New Delhi",
        "addr:place": "Malviya Nagar",
        "addr:postcode": "110017",
        "addr:state": "Delhi",
        "amenity": "hospital",
        "contact:phone": "1126689999",
        "emergency": "yes",
        "healthcare": "hospital",
        "name": "Pt. Madan Mohan Malviya Hospital",
        "name:etymology:wikidata": "Q2721496",
        "source": "OpenGovernmentData",
        "_osm_type": "way",
        "_osm_id": 438994150,
        "_source": "OpenStreetMap contributors via Overpass API (https://overpass-api.de/api/interpreter)",
        "_fetched_at": "2026-07-07T07:27:58Z",
        "_status": "ok",
        "_note": "Overpass bbox query, 312 raw elements (310 node/way features kept). 2 relation(s) skipped (multipolygon reconstruction not implemented) -- see osm_ids [8800378, 20982995]."
      },
      "geometry": {
        "type": "Polygon",
        "coordinates": [
          [
            [
              77.2138788,
              28.5362191
            ],
            [
              77.2146754,
              28.5355876
            ],
            [
              77.2140759,
              28.5349832
            ],
            [
              77.2134711,
              28.5348772
            ],
            [
              77.2131157,
              28.5355193
            ],
            [
              77.2138788,
              28.5362191
            ]
          ]
        ]
      }
    },
    {
      "type": "Feature",
      "properties": {
        "addr:city": "New Delhi",
        "addr:postcode": "110029",
        "amenity": "hospital",
        "healthcare": "hospital",
        "landmark": "AIIMS Hospital",
        "name": "Safdarjung Hospital",
        "name:etymology:wikidata": "Q391381",
        "name:hi": "\u0938\u092b\u0926\u0930\u091c\u0902\u0917 \u0905\u0938\u094d\u092a\u0924\u093e\u0932",
        "opening_hours": "24/7",
        "operator": "Government of India",
        "operator:type": "government",
        "phone": "+91 011 2616 5060",
        "website": "https://vmmc-sjh.mohfw.gov.in",
        "_osm_type": "way",
        "_osm_id": 454523330,
        "_source": "OpenStreetMap contributors via Overpass API (https://overpass-api.de/api/interpreter)",
        "_fetched_at": "2026-07-07T07:27:58Z",
        "_status": "ok",
        "_note": "Overpass bbox query, 312 raw elements (310 node/way features kept). 2 relation(s) skipped (multipolygon reconstruction not implemented) -- see osm_ids [8800378, 20982995]."
      },
      "geometry": {
        "type": "Polygon",
        "coordinates": [
          [
            [
              77.2079068,
              28.5686577
            ],
            [
              77.2075018,
              28.5686836
            ],
            [
              77.2075125,
              28.569044
            ],
            [
              77.2062966,
              28.569247
            ],
            [
              77.2049054,
              28.5693244
            ],
            [
              77.2025815,
              28.5694041
            ],
            [
              77.2024799,
              28.5680056
            ],
            [
              77.2024661,
              28.5678187
            ],
            [
              77.2024255,
              28.5675613
            ],
            [
              77.2022676,
              28.5655295
            ],
            [
              77.2025563,
              28.5655016
            ],
            [
              77.2034935,
              28.5653272
            ],
            [
              77.2042292,
              28.5651966
            ],
            [
              77.2048785,
              28.565095
            ],
            [
              77.2047827,
              28.5656357
            ],
            [
              77.2045291,
              28.5660898
            ],
            [
              77.2041434,
              28.5664404
            ],
            [
              77.2043222,
              28.5666667
            ],
            [
              77.2043409,
              28.5669121
            ],
            [
              77.2073109,
              28.5663698
            ],
            [
              77.2074749,
              28.5671148
            ],
            [
              77.2079068,
              28.5686577
            ]
          ]
        ]
      }
    },
    {
      "type": "Feature",
      "properties": {
        "amenity": "hospital",
        "healthcare": "hospital",
        "_osm_type": "way",
        "_osm_id": 454523333,
        "_source": "OpenStreetMap contributors via Overpass API (https://overpass-api.de/api/interpreter)",
        "_fetched_at": "2026-07-07T07:27:58Z",
        "_status": "ok",
        "_note": "Overpass bbox query, 312 raw elements (310 node/way features kept). 2 relation(s) skipped (multipolygon reconstruction not implemented) -- see osm_ids [8800378, 20982995]."
      },
      "geometry": {
        "type": "Polygon",
        "coordinates": [
          [
            [
              77.2023409,
              28.5685984
            ],
            [
              77.2022527,
              28.566898
            ],
            [
              77.2013412,
              28.5669079
            ],
            [
              77.2012886,
              28.5665046
            ],
            [
              77.2010901,
              28.566168
            ],
            [
              77.2008323,
              28.5661001
            ],
            [
              77.2007792,
              28.5659972
            ],
            [
              77.2002113,
              28.5659233
            ],
            [
              77.1999932,
              28.566413
            ],
            [
              77.1995973,
              28.5670205
            ],
            [
              77.1994793,
              28.5674587
            ],
            [
              77.199431,
              28.5694327
            ],
            [
              77.1995007,
              28.5695269
            ],
            [
              77.1996509,
              28.5695552
            ],
            [
              77.2012008,
              28.5695044
            ],
            [
              77.2011235,
              28.5686389
            ],
            [
              77.2023409,
              28.5685984
            ]
          ]
        ]
      }
    },
    {
      "type": "Feature",
      "properties": {
        "amenity": "school",
        "building": "commercial",
        "_osm_type": "way",
        "_osm_id": 457504304,
        "_source": "OpenStreetMap contributors via Overpass API (https://overpass-api.de/api/interpreter)",
        "_fetched_at": "2026-07-07T07:27:58Z",
        "_status": "ok",
        "_note": "Overpass bbox query, 312 raw elements (310 node/way features kept). 2 relation(s) skipped (multipolygon reconstruction not implemented) -- see osm_ids [8800378, 20982995]."
      },
      "geometry": {
        "type": "Polygon",
        "coordinates": [
          [
            [
              77.2080044,
              28.5383716
            ],
            [
              77.2078505,
              28.5383576
            ],
            [
              77.2078151,
              28.5385985
            ],
            [
              77.2078664,
              28.5386405
            ],
            [
              77.2079655,
              28.5386514
            ],
            [
              77.2080044,
              28.5383716
            ]
          ]
        ]
      }
    },
    {
      "type": "Feature",
      "properties": {
        "amenity": "school",
        "name": "Kendriya Vidhyalaya JNU",
        "_osm_type": "way",
        "_osm_id": 479830727,
        "_source": "OpenStreetMap contributors via Overpass API (https://overpass-api.de/api/interpreter)",
        "_fetched_at": "2026-07-07T07:27:58Z",
        "_status": "ok",
        "_note": "Overpass bbox query, 312 raw elements (310 node/way features kept). 2 relation(s) skipped (multipolygon reconstruction not implemented) -- see osm_ids [8800378, 20982995]."
      },
      "geometry": {
        "type": "Polygon",
        "coordinates": [
          [
            [
              77.1761076,
              28.5482265
            ],
            [
              77.175834,
              28.5478166
            ],
            [
              77.175614,
              28.5477789
            ],
            [
              77.175496,
              28.5480145
            ],
            [
              77.1750937,
              28.5479108
            ],
            [
              77.1752439,
              28.5474632
            ],
            [
              77.1754585,
              28.5471804
            ],
            [
              77.1755068,
              28.5467422
            ],
            [
              77.1756248,
              28.5464029
            ],
            [
              77.1760325,
              28.5461107
            ],
            [
              77.1763919,
              28.5461484
            ],
            [
              77.17629,
              28.5458186
            ],
            [
              77.1761988,
              28.5454275
            ],
            [
              77.1764455,
              28.5452861
            ],
            [
              77.176585,
              28.5452578
            ],
            [
              77.1770249,
              28.5460825
            ],
            [
              77.1776632,
              28.5458092
            ],
            [
              77.1777974,
              28.5459976
            ],
            [
              77.1781621,
              28.5466244
            ],
            [
              77.1784625,
              28.547171
            ],
            [
              77.1771858,
              28.5477223
            ],
            [
              77.1761076,
              28.5482265
            ]
          ]
        ]
      }
    },
    {
      "type": "Feature",
      "properties": {
        "amenity": "toilets",
        "barrier": "fence",
        "building": "civic",
        "name": "Sulabh complex",
        "_osm_type": "way",
        "_osm_id": 507527928,
        "_source": "OpenStreetMap contributors via Overpass API (https://overpass-api.de/api/interpreter)",
        "_fetched_at": "2026-07-07T07:27:58Z",
        "_status": "ok",
        "_note": "Overpass bbox query, 312 raw elements (310 node/way features kept). 2 relation(s) skipped (multipolygon reconstruction not implemented) -- see osm_ids [8800378, 20982995]."
      },
      "geometry": {
        "type": "Polygon",
        "coordinates": [
          [
            [
              77.222382,
              28.5361219
            ],
            [
              77.2223137,
              28.5361218
            ],
            [
              77.222277,
              28.5361221
            ],
            [
              77.2222655,
              28.5361061
            ],
            [
              77.222241,
              28.5360724
            ],
            [
              77.2222164,
              28.5360192
            ],
            [
              77.2222972,
              28.5360208
            ],
            [
              77.2223771,
              28.5360264
            ],
            [
              77.2223798,
              28.536071
            ],
            [
              77.222382,
              28.5361219
            ]
          ]
        ]
      }
    },
    {
      "type": "Feature",
      "properties": {
        "amenity": "toilets",
        "barrier": "fence",
        "building": "civic",
        "description": "Toilet under construction, to be opened in 1-3 months",
        "_osm_type": "way",
        "_osm_id": 508095757,
        "_source": "OpenStreetMap contributors via Overpass API (https://overpass-api.de/api/interpreter)",
        "_fetched_at": "2026-07-07T07:27:58Z",
        "_status": "ok",
        "_note": "Overpass bbox query, 312 raw elements (310 node/way features kept). 2 relation(s) skipped (multipolygon reconstruction not implemented) -- see osm_ids [8800378, 20982995]."
      },
      "geometry": {
        "type": "Polygon",
        "coordinates": [
          [
            [
              77.2211365,
              28.5363534
            ],
            [
              77.2212489,
              28.5363579
            ],
            [
              77.2212501,
              28.536411
            ],
            [
              77.2211155,
              28.5364078
            ],
            [
              77.2211365,
              28.5363534
            ]
          ]
        ]
      }
    },
    {
      "type": "Feature",
      "properties": {
        "amenity": "shelter",
        "shelter_type": "public_transport",
        "_osm_type": "way",
        "_osm_id": 523568297,
        "_source": "OpenStreetMap contributors via Overpass API (https://overpass-api.de/api/interpreter)",
        "_fetched_at": "2026-07-07T07:27:58Z",
        "_status": "ok",
        "_note": "Overpass bbox query, 312 raw elements (310 node/way features kept). 2 relation(s) skipped (multipolygon reconstruction not implemented) -- see osm_ids [8800378, 20982995]."
      },
      "geometry": {
        "type": "Polygon",
        "coordinates": [
          [
            [
              77.1856157,
              28.5500106
            ],
            [
              77.1856277,
              28.5500354
            ],
            [
              77.1857142,
              28.550003
            ],
            [
              77.1857022,
              28.5499782
            ],
            [
              77.1856157,
              28.5500106
            ]
          ]
        ]
      }
    },
    {
      "type": "Feature",
      "properties": {
        "amenity": "shelter",
        "building": "roof",
        "shelter_type": "gazebo",
        "_osm_type": "way",
        "_osm_id": 551682093,
        "_source": "OpenStreetMap contributors via Overpass API (https://overpass-api.de/api/interpreter)",
        "_fetched_at": "2026-07-07T07:27:58Z",
        "_status": "ok",
        "_note": "Overpass bbox query, 312 raw elements (310 node/way features kept). 2 relation(s) skipped (multipolygon reconstruction not implemented) -- see osm_ids [8800378, 20982995]."
      },
      "geometry": {
        "type": "Polygon",
        "coordinates": [
          [
            [
              77.2198561,
              28.5447853
            ],
            [
              77.2198475,
              28.5448009
            ],
            [
              77.219849,
              28.5448182
            ],
            [
              77.2198601,
              28.5448325
            ],
            [
              77.2198778,
              28.54484
            ],
            [
              77.2198975,
              28.5448387
            ],
            [
              77.2199137,
              28.5448289
            ],
            [
              77.2199223,
              28.5448133
            ],
            [
              77.2199208,
              28.5447961
            ],
            [
              77.2199097,
              28.5447818
            ],
            [
              77.219892,
              28.5447743
            ],
            [
              77.2198724,
              28.5447756
            ],
            [
              77.2198561,
              28.5447853
            ]
          ]
        ]
      }
    },
    {
      "type": "Feature",
      "properties": {
        "amenity": "hospital",
        "emergency": "yes",
        "name": "Madhukar Rainbow Children's Hospital",
        "_osm_type": "way",
        "_osm_id": 584849988,
        "_source": "OpenStreetMap contributors via Overpass API (https://overpass-api.de/api/interpreter)",
        "_fetched_at": "2026-07-07T07:27:58Z",
        "_status": "ok",
        "_note": "Overpass bbox query, 312 raw elements (310 node/way features kept). 2 relation(s) skipped (multipolygon reconstruction not implemented) -- see osm_ids [8800378, 20982995]."
      },
      "geometry": {
        "type": "Polygon",
        "coordinates": [
          [
            [
              77.2042456,
              28.5294788
            ],
            [
              77.2051269,
              28.5296111
            ],
            [
              77.2051988,
              28.529138
            ],
            [
              77.2047326,
              28.5290563
            ],
            [
              77.2044383,
              28.5290048
            ],
            [
              77.2042456,
              28.5294788
            ]
          ]
        ]
      }
    },
    {
      "type": "Feature",
      "properties": {
        "amenity": "shelter",
        "building": "roof",
        "shelter_type": "gazebo",
        "_osm_type": "way",
        "_osm_id": 669510692,
        "_source": "OpenStreetMap contributors via Overpass API (https://overpass-api.de/api/interpreter)",
        "_fetched_at": "2026-07-07T07:27:58Z",
        "_status": "ok",
        "_note": "Overpass bbox query, 312 raw elements (310 node/way features kept). 2 relation(s) skipped (multipolygon reconstruction not implemented) -- see osm_ids [8800378, 20982995]."
      },
      "geometry": {
        "type": "Polygon",
        "coordinates": [
          [
            [
              77.2091125,
              28.5427708
            ],
            [
              77.2090916,
              28.5427689
            ],
            [
              77.2090725,
              28.5427765
            ],
            [
              77.2090602,
              28.5427914
            ],
            [
              77.2090581,
              28.5428098
            ],
            [
              77.2090666,
              28.5428266
            ],
            [
              77.2090837,
              28.5428374
            ],
            [
              77.2091045,
              28.5428392
            ],
            [
              77.2091237,
              28.5428317
            ],
            [
              77.209136,
              28.5428167
            ],
            [
              77.2091381,
              28.5427984
            ],
            [
              77.2091295,
              28.5427816
            ],
            [
              77.2091125,
              28.5427708
            ]
          ]
        ]
      }
    },
    {
      "type": "Feature",
      "properties": {
        "addr:place": "Malviya Nagar",
        "addr:postcode": "110017",
        "amenity": "school",
        "barrier": "wall",
        "name": "Sarvodaya Kanya Vidyalaya",
        "_osm_type": "way",
        "_osm_id": 722727047,
        "_source": "OpenStreetMap contributors via Overpass API (https://overpass-api.de/api/interpreter)",
        "_fetched_at": "2026-07-07T07:27:58Z",
        "_status": "ok",
        "_note": "Overpass bbox query, 312 raw elements (310 node/way features kept). 2 relation(s) skipped (multipolygon reconstruction not implemented) -- see osm_ids [8800378, 20982995]."
      },
      "geometry": {
        "type": "Polygon",
        "coordinates": [
          [
            [
              77.2132617,
              28.5343039
            ],
            [
              77.2133546,
              28.534204
            ],
            [
              77.2134684,
              28.5336958
            ],
            [
              77.2129271,
              28.5336203
            ],
            [
              77.2127944,
              28.5341553
            ],
            [
              77.2132617,
              28.5343039
            ]
          ]
        ]
      }
    },
    {
      "type": "Feature",
      "properties": {
        "amenity": "school",
        "name": "SDMC Pratibha Vidyalaya (Kanya)",
        "operator:type": "public",
        "_osm_type": "way",
        "_osm_id": 818074718,
        "_source": "OpenStreetMap contributors via Overpass API (https://overpass-api.de/api/interpreter)",
        "_fetched_at": "2026-07-07T07:27:58Z",
        "_status": "ok",
        "_note": "Overpass bbox query, 312 raw elements (310 node/way features kept). 2 relation(s) skipped (multipolygon reconstruction not implemented) -- see osm_ids [8800378, 20982995]."
      },
      "geometry": {
        "type": "Polygon",
        "coordinates": [
          [
            [
              77.2133618,
              28.5367966
            ],
            [
              77.2138183,
              28.5372439
            ],
            [
              77.2143087,
              28.5368484
            ],
            [
              77.2138875,
              28.5364243
            ],
            [
              77.2133618,
              28.5367966
            ]
          ]
        ]
      }
    },
    {
      "type": "Feature",
      "properties": {
        "amenity": "school",
        "name": "Saint Mary's School",
        "operator:type": "religious",
        "_osm_type": "way",
        "_osm_id": 819046416,
        "_source": "OpenStreetMap contributors via Overpass API (https://overpass-api.de/api/interpreter)",
        "_fetched_at": "2026-07-07T07:27:58Z",
        "_status": "ok",
        "_note": "Overpass bbox query, 312 raw elements (310 node/way features kept). 2 relation(s) skipped (multipolygon reconstruction not implemented) -- see osm_ids [8800378, 20982995]."
      },
      "geometry": {
        "type": "Polygon",
        "coordinates": [
          [
            [
              77.1905722,
              28.5644466
            ],
            [
              77.1904877,
              28.5636218
            ],
            [
              77.1911411,
              28.5635701
            ],
            [
              77.1912257,
              28.5643949
            ],
            [
              77.1909836,
              28.5644141
            ],
            [
              77.1905722,
              28.5644466
            ]
          ]
        ]
      }
    },
    {
      "type": "Feature",
      "properties": {
        "amenity": "school",
        "name": "St. Paul's School",
        "wikidata": "Q16930767",
        "wikipedia": "en:St. Paul's School, New Delhi",
        "_osm_type": "way",
        "_osm_id": 913754164,
        "_source": "OpenStreetMap contributors via Overpass API (https://overpass-api.de/api/interpreter)",
        "_fetched_at": "2026-07-07T07:27:58Z",
        "_status": "ok",
        "_note": "Overpass bbox query, 312 raw elements (310 node/way features kept). 2 relation(s) skipped (multipolygon reconstruction not implemented) -- see osm_ids [8800378, 20982995]."
      },
      "geometry": {
        "type": "Polygon",
        "coordinates": [
          [
            [
              77.2002666,
              28.5489521
            ],
            [
              77.199765,
              28.5493032
            ],
            [
              77.1988812,
              28.5485434
            ],
            [
              77.1993385,
              28.5478931
            ],
            [
              77.2002666,
              28.5489521
            ]
          ]
        ]
      }
    },
    {
      "type": "Feature",
      "properties": {
        "addr:place": "Green Park Extension",
        "addr:postcode": "110016",
        "amenity": "school",
        "barrier": "wall",
        "name": "Gargi Sarvodaya Kanya Vidyalaya",
        "_osm_type": "way",
        "_osm_id": 998316508,
        "_source": "OpenStreetMap contributors via Overpass API (https://overpass-api.de/api/interpreter)",
        "_fetched_at": "2026-07-07T07:27:58Z",
        "_status": "ok",
        "_note": "Overpass bbox query, 312 raw elements (310 node/way features kept). 2 relation(s) skipped (multipolygon reconstruction not implemented) -- see osm_ids [8800378, 20982995]."
      },
      "geometry": {
        "type": "Polygon",
        "coordinates": [
          [
            [
              77.2019755,
              28.5602066
            ],
            [
              77.2020573,
              28.5605102
            ],
            [
              77.2012996,
              28.5606625
            ],
            [
              77.2010882,
              28.560705
            ],
            [
              77.2009966,
              28.5603363
            ],
            [
              77.2009318,
              28.5600754
            ],
            [
              77.201177,
              28.5600241
            ],
            [
              77.2012867,
              28.5603584
            ],
            [
              77.2019755,
              28.5602066
            ]
          ]
        ]
      }
    },
    {
      "type": "Feature",
      "properties": {
        "amenity": "college",
        "_osm_type": "way",
        "_osm_id": 1007599874,
        "_source": "OpenStreetMap contributors via Overpass API (https://overpass-api.de/api/interpreter)",
        "_fetched_at": "2026-07-07T07:27:58Z",
        "_status": "ok",
        "_note": "Overpass bbox query, 312 raw elements (310 node/way features kept). 2 relation(s) skipped (multipolygon reconstruction not implemented) -- see osm_ids [8800378, 20982995]."
      },
      "geometry": {
        "type": "Polygon",
        "coordinates": [
          [
            [
              77.1810774,
              28.5397079
            ],
            [
              77.1825356,
              28.5392047
            ],
            [
              77.1834748,
              28.5413048
            ],
            [
              77.1821036,
              28.5421507
            ],
            [
              77.182017,
              28.5420878
            ],
            [
              77.1810774,
              28.5397079
            ]
          ]
        ]
      }
    },
    {
      "type": "Feature",
      "properties": {
        "amenity": "college",
        "name": "Karmapa International Buddhist Institute",
        "_osm_type": "way",
        "_osm_id": 1007599875,
        "_source": "OpenStreetMap contributors via Overpass API (https://overpass-api.de/api/interpreter)",
        "_fetched_at": "2026-07-07T07:27:58Z",
        "_status": "ok",
        "_note": "Overpass bbox query, 312 raw elements (310 node/way features kept). 2 relation(s) skipped (multipolygon reconstruction not implemented) -- see osm_ids [8800378, 20982995]."
      },
      "geometry": {
        "type": "Polygon",
        "coordinates": [
          [
            [
              77.1845247,
              28.5366833
            ],
            [
              77.1846427,
              28.5373231
            ],
            [
              77.18394,
              28.5375599
            ],
            [
              77.183767,
              28.5368235
            ],
            [
              77.1840137,
              28.5366845
            ],
            [
              77.1845247,
              28.5366833
            ]
          ]
        ]
      }
    },
    {
      "type": "Feature",
      "properties": {
        "amenity": "marketplace",
        "_osm_type": "way",
        "_osm_id": 1097311609,
        "_source": "OpenStreetMap contributors via Overpass API (https://overpass-api.de/api/interpreter)",
        "_fetched_at": "2026-07-07T07:27:58Z",
        "_status": "ok",
        "_note": "Overpass bbox query, 312 raw elements (310 node/way features kept). 2 relation(s) skipped (multipolygon reconstruction not implemented) -- see osm_ids [8800378, 20982995]."
      },
      "geometry": {
        "type": "Polygon",
        "coordinates": [
          [
            [
              77.1968635,
              28.5467518
            ],
            [
              77.1972276,
              28.5466723
            ],
            [
              77.197116,
              28.5463138
            ],
            [
              77.1969519,
              28.5463396
            ],
            [
              77.1968467,
              28.5460901
            ],
            [
              77.1960092,
              28.5462712
            ],
            [
              77.1962049,
              28.5469293
            ],
            [
              77.1968635,
              28.5467518
            ]
          ]
        ]
      }
    },
    {
      "type": "Feature",
      "properties": {
        "amenity": "marketplace",
        "_osm_type": "way",
        "_osm_id": 1097311615,
        "_source": "OpenStreetMap contributors via Overpass API (https://overpass-api.de/api/interpreter)",
        "_fetched_at": "2026-07-07T07:27:58Z",
        "_status": "ok",
        "_note": "Overpass bbox query, 312 raw elements (310 node/way features kept). 2 relation(s) skipped (multipolygon reconstruction not implemented) -- see osm_ids [8800378, 20982995]."
      },
      "geometry": {
        "type": "Polygon",
        "coordinates": [
          [
            [
              77.1847123,
              28.5407972
            ],
            [
              77.1848738,
              28.5410129
            ],
            [
              77.185378,
              28.5408149
            ],
            [
              77.1855404,
              28.5412727
            ],
            [
              77.185567,
              28.5416474
            ],
            [
              77.1855501,
              28.5420477
            ],
            [
              77.1851695,
              28.5420541
            ],
            [
              77.1848326,
              28.5422692
            ],
            [
              77.184709,
              28.5422968
            ],
            [
              77.1847623,
              28.5424736
            ],
            [
              77.1851211,
              28.5424182
            ],
            [
              77.1853368,
              28.5423841
            ],
            [
              77.1853392,
              28.5422713
            ],
            [
              77.1854965,
              28.5426584
            ],
            [
              77.185588,
              28.5427926
            ],
            [
              77.1857056,
              28.5428868
            ],
            [
              77.1859271,
              28.5428206
            ],
            [
              77.1863607,
              28.5436592
            ],
            [
              77.1865901,
              28.543585
            ],
            [
              77.1862005,
              28.5427391
            ],
            [
              77.1864143,
              28.5426752
            ],
            [
              77.1859238,
              28.5415543
            ],
            [
              77.1862376,
              28.5414795
            ],
            [
              77.1871834,
              28.5417428
            ],
            [
              77.1872896,
              28.5416104
            ],
            [
              77.1863464,
              28.5412831
            ],
            [
              77.1857537,
              28.5413658
            ],
            [
              77.1857779,
              28.5412013
            ],
            [
              77.1856519,
              28.5406343
            ],
            [
              77.1859985,
              28.540515
            ],
            [
              77.18595,
              28.5403404
            ],
            [
              77.1859415,
              28.5403195
            ],
            [
              77.1852741,
              28.5405243
            ],
            [
              77.1847123,
              28.5407972
            ]
          ]
        ]
      }
    },
    {
      "type": "Feature",
      "properties": {
        "amenity": "marketplace",
        "_osm_type": "way",
        "_osm_id": 1097311617,
        "_source": "OpenStreetMap contributors via Overpass API (https://overpass-api.de/api/interpreter)",
        "_fetched_at": "2026-07-07T07:27:58Z",
        "_status": "ok",
        "_note": "Overpass bbox query, 312 raw elements (310 node/way features kept). 2 relation(s) skipped (multipolygon reconstruction not implemented) -- see osm_ids [8800378, 20982995]."
      },
      "geometry": {
        "type": "Polygon",
        "coordinates": [
          [
            [
              77.1806683,
              28.5495763
            ],
            [
              77.1807854,
              28.549712
            ],
            [
              77.1811517,
              28.5494778
            ],
            [
              77.1810869,
              28.5493836
            ],
            [
              77.1815099,
              28.5491196
            ],
            [
              77.1812827,
              28.5488227
            ],
            [
              77.1815168,
              28.5486345
            ],
            [
              77.1814084,
              28.5485321
            ],
            [
              77.1805013,
              28.5491188
            ],
            [
              77.1805928,
              28.5492525
            ],
            [
              77.1806428,
              28.5492232
            ],
            [
              77.1810371,
              28.5489546
            ],
            [
              77.1811642,
              28.5490903
            ],
            [
              77.1807506,
              28.5493478
            ],
            [
              77.1806719,
              28.5492261
            ],
            [
              77.1805897,
              28.5492768
            ],
            [
              77.1805442,
              28.549216
            ],
            [
              77.1804671,
              28.549272
            ],
            [
              77.1805736,
              28.5494581
            ],
            [
              77.1806683,
              28.5495763
            ]
          ]
        ]
      }
    },
    {
      "type": "Feature",
      "properties": {
        "amenity": "pharmacy",
        "brand": "Apollo Pharmacy",
        "brand:wikidata": "Q62562612",
        "building": "yes",
        "dispensing": "yes",
        "healthcare": "pharmacy",
        "name": "Apollo Pharmacy",
        "_osm_type": "way",
        "_osm_id": 1097550743,
        "_source": "OpenStreetMap contributors via Overpass API (https://overpass-api.de/api/interpreter)",
        "_fetched_at": "2026-07-07T07:27:58Z",
        "_status": "ok",
        "_note": "Overpass bbox query, 312 raw elements (310 node/way features kept). 2 relation(s) skipped (multipolygon reconstruction not implemented) -- see osm_ids [8800378, 20982995]."
      },
      "geometry": {
        "type": "Polygon",
        "coordinates": [
          [
            [
              77.1878399,
              28.5457913
            ],
            [
              77.1878666,
              28.5457895
            ],
            [
              77.1878683,
              28.545809
            ],
            [
              77.1878417,
              28.5458108
            ],
            [
              77.1878399,
              28.5457913
            ]
          ]
        ]
      }
    },
    {
      "type": "Feature",
      "properties": {
        "amenity": "toilets",
        "building": "yes",
        "wheelchair": "yes",
        "_osm_type": "way",
        "_osm_id": 1097558613,
        "_source": "OpenStreetMap contributors via Overpass API (https://overpass-api.de/api/interpreter)",
        "_fetched_at": "2026-07-07T07:27:58Z",
        "_status": "ok",
        "_note": "Overpass bbox query, 312 raw elements (310 node/way features kept). 2 relation(s) skipped (multipolygon reconstruction not implemented) -- see osm_ids [8800378, 20982995]."
      },
      "geometry": {
        "type": "Polygon",
        "coordinates": [
          [
            [
              77.1923356,
              28.544903
            ],
            [
              77.1923593,
              28.5449137
            ],
            [
              77.1923469,
              28.5449326
            ],
            [
              77.192322,
              28.5449215
            ],
            [
              77.1923356,
              28.544903
            ]
          ]
        ]
      }
    },
    {
      "type": "Feature",
      "properties": {
        "amenity": "toilets",
        "building": "yes",
        "_osm_type": "way",
        "_osm_id": 1097564989,
        "_source": "OpenStreetMap contributors via Overpass API (https://overpass-api.de/api/interpreter)",
        "_fetched_at": "2026-07-07T07:27:58Z",
        "_status": "ok",
        "_note": "Overpass bbox query, 312 raw elements (310 node/way features kept). 2 relation(s) skipped (multipolygon reconstruction not implemented) -- see osm_ids [8800378, 20982995]."
      },
      "geometry": {
        "type": "Polygon",
        "coordinates": [
          [
            [
              77.1919552,
              28.5456045
            ],
            [
              77.1919936,
              28.5456155
            ],
            [
              77.191981,
              28.5456478
            ],
            [
              77.1919411,
              28.5456334
            ],
            [
              77.1919552,
              28.5456045
            ]
          ]
        ]
      }
    },
    {
      "type": "Feature",
      "properties": {
        "amenity": "toilets",
        "building": "yes",
        "male": "yes",
        "_osm_type": "way",
        "_osm_id": 1097564990,
        "_source": "OpenStreetMap contributors via Overpass API (https://overpass-api.de/api/interpreter)",
        "_fetched_at": "2026-07-07T07:27:58Z",
        "_status": "ok",
        "_note": "Overpass bbox query, 312 raw elements (310 node/way features kept). 2 relation(s) skipped (multipolygon reconstruction not implemented) -- see osm_ids [8800378, 20982995]."
      },
      "geometry": {
        "type": "Polygon",
        "coordinates": [
          [
            [
              77.1936385,
              28.5439834
            ],
            [
              77.1937431,
              28.5440224
            ],
            [
              77.1937263,
              28.5440595
            ],
            [
              77.1936234,
              28.5440216
            ],
            [
              77.1936385,
              28.5439834
            ]
          ]
        ]
      }
    },
    {
      "type": "Feature",
      "properties": {
        "amenity": "toilets",
        "building": "yes",
        "female": "yes",
        "_osm_type": "way",
        "_osm_id": 1097564991,
        "_source": "OpenStreetMap contributors via Overpass API (https://overpass-api.de/api/interpreter)",
        "_fetched_at": "2026-07-07T07:27:58Z",
        "_status": "ok",
        "_note": "Overpass bbox query, 312 raw elements (310 node/way features kept). 2 relation(s) skipped (multipolygon reconstruction not implemented) -- see osm_ids [8800378, 20982995]."
      },
      "geometry": {
        "type": "Polygon",
        "coordinates": [
          [
            [
              77.1936532,
              28.5439469
            ],
            [
              77.193762,
              28.543984
            ],
            [
              77.1937431,
              28.5440224
            ],
            [
              77.1936385,
              28.5439834
            ],
            [
              77.1936532,
              28.5439469
            ]
          ]
        ]
      }
    },
    {
      "type": "Feature",
      "properties": {
        "amenity": "shelter",
        "building": "yes",
        "shelter_type": "public_transport",
        "_osm_type": "way",
        "_osm_id": 1097648632,
        "_source": "OpenStreetMap contributors via Overpass API (https://overpass-api.de/api/interpreter)",
        "_fetched_at": "2026-07-07T07:27:58Z",
        "_status": "ok",
        "_note": "Overpass bbox query, 312 raw elements (310 node/way features kept). 2 relation(s) skipped (multipolygon reconstruction not implemented) -- see osm_ids [8800378, 20982995]."
      },
      "geometry": {
        "type": "Polygon",
        "coordinates": [
          [
            [
              77.1955228,
              28.5461203
            ],
            [
              77.1956439,
              28.5460853
            ],
            [
              77.1956537,
              28.5461115
            ],
            [
              77.1955326,
              28.5461464
            ],
            [
              77.1955228,
              28.5461203
            ]
          ]
        ]
      }
    },
    {
      "type": "Feature",
      "properties": {
        "addr:city": "New Delhi",
        "addr:housenumber": "50/4-6 Yusuf Sarai Market",
        "addr:postcode": "110016",
        "addr:street": "Aurobindo Marg",
        "amenity": "hospital",
        "description": "Medical Diagnostic Imaging Centre for Tests like X-Ray, Ultrasound, MRI, CT Scan, PET Scan",
        "email": "info@houseofdiagnostics.com",
        "emergency": "no",
        "healthcare": "hospital",
        "healthcare:speciality": "radiology;pathology;diagnostic_radiology;clinical_pathology",
        "name": "HOD Green Park - House Of Diagnostics",
        "operator": "House Of Diagnostics",
        "operator:type": "private",
        "website": "https://www.hod.care/locate-us/south-delhi/yusuf-sarai",
        "_osm_type": "way",
        "_osm_id": 1097656462,
        "_source": "OpenStreetMap contributors via Overpass API (https://overpass-api.de/api/interpreter)",
        "_fetched_at": "2026-07-07T07:27:58Z",
        "_status": "ok",
        "_note": "Overpass bbox query, 312 raw elements (310 node/way features kept). 2 relation(s) skipped (multipolygon reconstruction not implemented) -- see osm_ids [8800378, 20982995]."
      },
      "geometry": {
        "type": "Polygon",
        "coordinates": [
          [
            [
              77.2073769,
              28.5605361
            ],
            [
              77.2075981,
              28.5605283
            ],
            [
              77.2076017,
              28.5604133
            ],
            [
              77.207361,
              28.5604584
            ],
            [
              77.2073769,
              28.5605361
            ]
          ]
        ]
      }
    },
    {
      "type": "Feature",
      "properties": {
        "amenity": "school",
        "name": "Apeejay School",
        "wikidata": "Q4779302",
        "_osm_type": "way",
        "_osm_id": 1165065392,
        "_source": "OpenStreetMap contributors via Overpass API (https://overpass-api.de/api/interpreter)",
        "_fetched_at": "2026-07-07T07:27:58Z",
        "_status": "ok",
        "_note": "Overpass bbox query, 312 raw elements (310 node/way features kept). 2 relation(s) skipped (multipolygon reconstruction not implemented) -- see osm_ids [8800378, 20982995]."
      },
      "geometry": {
        "type": "Polygon",
        "coordinates": [
          [
            [
              77.2182902,
              28.5355402
            ],
            [
              77.2181143,
              28.5361476
            ],
            [
              77.2179383,
              28.5367552
            ],
            [
              77.2179651,
              28.5368047
            ],
            [
              77.2184157,
              28.5369178
            ],
            [
              77.2190836,
              28.5368942
            ],
            [
              77.2192579,
              28.5369013
            ],
            [
              77.2199181,
              28.5368834
            ],
            [
              77.2202986,
              28.536873
            ],
            [
              77.220308,
              28.5363464
            ],
            [
              77.2203094,
              28.536278
            ],
            [
              77.2198024,
              28.5358987
            ],
            [
              77.2192861,
              28.5355853
            ],
            [
              77.2191533,
              28.5356265
            ],
            [
              77.2182902,
              28.5355402
            ]
          ]
        ]
      }
    },
    {
      "type": "Feature",
      "properties": {
        "amenity": "shelter",
        "building": "roof",
        "shelter_type": "gazebo",
        "_osm_type": "way",
        "_osm_id": 1212661588,
        "_source": "OpenStreetMap contributors via Overpass API (https://overpass-api.de/api/interpreter)",
        "_fetched_at": "2026-07-07T07:27:58Z",
        "_status": "ok",
        "_note": "Overpass bbox query, 312 raw elements (310 node/way features kept). 2 relation(s) skipped (multipolygon reconstruction not implemented) -- see osm_ids [8800378, 20982995]."
      },
      "geometry": {
        "type": "Polygon",
        "coordinates": [
          [
            [
              77.1945421,
              28.5553098
            ],
            [
              77.1945307,
              28.5552967
            ],
            [
              77.1945139,
              28.5552891
            ],
            [
              77.1944951,
              28.5552887
            ],
            [
              77.1944779,
              28.5552955
            ],
            [
              77.1944658,
              28.5553082
            ],
            [
              77.1944612,
              28.5553242
            ],
            [
              77.194465,
              28.5553405
            ],
            [
              77.1944763,
              28.5553536
            ],
            [
              77.1944931,
              28.5553612
            ],
            [
              77.1945119,
              28.5553616
            ],
            [
              77.1945291,
              28.5553548
            ],
            [
              77.1945412,
              28.5553421
            ],
            [
              77.1945458,
              28.555326
            ],
            [
              77.1945421,
              28.5553098
            ]
          ]
        ]
      }
    },
    {
      "type": "Feature",
      "properties": {
        "amenity": "school",
        "building": "school",
        "building:levels": "4",
        "check_date": "2026-05-10",
        "name:en": "Government Primary School",
        "name:hi": "\u0926\u093f\u0932\u094d\u0932\u0940 \u0928\u0917\u0930 \u0928\u093f\u0917\u092e \u0906\u0926\u0930\u094d\u0936 \u092a\u094d\u0930\u093e\u0925\u092e\u093f\u0915 \u0938\u0939 \u0936\u093f\u0915\u094d\u0937\u093e \u0935\u093f\u0926\u094d\u092f\u093e\u0932\u092f",
        "operator": "SDMC",
        "operator:en": "Municipal Corporation Of Delhi",
        "operator:type": "public",
        "operator:wikidata": "Q1192117",
        "operator:wikipedia": "https://en.wikipedia.org/wiki/Municipal_Corporation_of_Delhi",
        "roof:shape": "flat",
        "_osm_type": "way",
        "_osm_id": 1215808818,
        "_source": "OpenStreetMap contributors via Overpass API (https://overpass-api.de/api/interpreter)",
        "_fetched_at": "2026-07-07T07:27:58Z",
        "_status": "ok",
        "_note": "Overpass bbox query, 312 raw elements (310 node/way features kept). 2 relation(s) skipped (multipolygon reconstruction not implemented) -- see osm_ids [8800378, 20982995]."
      },
      "geometry": {
        "type": "Polygon",
        "coordinates": [
          [
            [
              77.1940652,
              28.562435
            ],
            [
              77.1940248,
              28.5622672
            ],
            [
              77.194119,
              28.5622498
            ],
            [
              77.1941462,
              28.562363
            ],
            [
              77.1943576,
              28.5623239
            ],
            [
              77.1943812,
              28.5624221
            ],
            [
              77.1943288,
              28.5624318
            ],
            [
              77.1943183,
              28.562388
            ],
            [
              77.1940652,
              28.562435
            ]
          ]
        ]
      }
    },
    {
      "type": "Feature",
      "properties": {
        "amenity": "shelter",
        "building": "yes",
        "shelter_type": "gazebo",
        "_osm_type": "way",
        "_osm_id": 1265126660,
        "_source": "OpenStreetMap contributors via Overpass API (https://overpass-api.de/api/interpreter)",
        "_fetched_at": "2026-07-07T07:27:58Z",
        "_status": "ok",
        "_note": "Overpass bbox query, 312 raw elements (310 node/way features kept). 2 relation(s) skipped (multipolygon reconstruction not implemented) -- see osm_ids [8800378, 20982995]."
      },
      "geometry": {
        "type": "Polygon",
        "coordinates": [
          [
            [
              77.2166457,
              28.530077
            ],
            [
              77.2166622,
              28.5300927
            ],
            [
              77.2166871,
              28.5300942
            ],
            [
              77.2167049,
              28.5300786
            ],
            [
              77.2167064,
              28.5300588
            ],
            [
              77.2166894,
              28.5300423
            ],
            [
              77.2166678,
              28.5300408
            ],
            [
              77.2166469,
              28.530056
            ],
            [
              77.2166457,
              28.530077
            ]
          ]
        ]
      }
    },
    {
      "type": "Feature",
      "properties": {
        "amenity": "shelter",
        "building": "yes",
        "roof:shape": "pyramidal",
        "shelter_type": "gazebo",
        "_osm_type": "way",
        "_osm_id": 1273538952,
        "_source": "OpenStreetMap contributors via Overpass API (https://overpass-api.de/api/interpreter)",
        "_fetched_at": "2026-07-07T07:27:58Z",
        "_status": "ok",
        "_note": "Overpass bbox query, 312 raw elements (310 node/way features kept). 2 relation(s) skipped (multipolygon reconstruction not implemented) -- see osm_ids [8800378, 20982995]."
      },
      "geometry": {
        "type": "Polygon",
        "coordinates": [
          [
            [
              77.2101678,
              28.5551379
            ],
            [
              77.2101424,
              28.5551163
            ],
            [
              77.2101447,
              28.5550724
            ],
            [
              77.210182,
              28.5550476
            ],
            [
              77.2102245,
              28.5550538
            ],
            [
              77.2102474,
              28.5550779
            ],
            [
              77.2102459,
              28.555117
            ],
            [
              77.2102153,
              28.5551403
            ],
            [
              77.2101678,
              28.5551379
            ]
          ]
        ]
      }
    },
    {
      "type": "Feature",
      "properties": {
        "amenity": "shelter",
        "shelter_type": "gazebo",
        "_osm_type": "way",
        "_osm_id": 1331679523,
        "_source": "OpenStreetMap contributors via Overpass API (https://overpass-api.de/api/interpreter)",
        "_fetched_at": "2026-07-07T07:27:58Z",
        "_status": "ok",
        "_note": "Overpass bbox query, 312 raw elements (310 node/way features kept). 2 relation(s) skipped (multipolygon reconstruction not implemented) -- see osm_ids [8800378, 20982995]."
      },
      "geometry": {
        "type": "Polygon",
        "coordinates": [
          [
            [
              77.2070323,
              28.5484389
            ],
            [
              77.2070649,
              28.5484438
            ],
            [
              77.2070999,
              28.5484207
            ],
            [
              77.2071036,
              28.5483905
            ],
            [
              77.2070677,
              28.5483652
            ],
            [
              77.2070196,
              28.5483763
            ],
            [
              77.2070125,
              28.5484141
            ],
            [
              77.2070323,
              28.5484389
            ]
          ]
        ]
      }
    },
    {
      "type": "Feature",
      "properties": {
        "amenity": "community_centre",
        "building": "yes",
        "name": "Mohammadpur Community Center",
        "_osm_type": "way",
        "_osm_id": 1350334275,
        "_source": "OpenStreetMap contributors via Overpass API (https://overpass-api.de/api/interpreter)",
        "_fetched_at": "2026-07-07T07:27:58Z",
        "_status": "ok",
        "_note": "Overpass bbox query, 312 raw elements (310 node/way features kept). 2 relation(s) skipped (multipolygon reconstruction not implemented) -- see osm_ids [8800378, 20982995]."
      },
      "geometry": {
        "type": "Polygon",
        "coordinates": [
          [
            [
              77.1865246,
              28.5649233
            ],
            [
              77.1868512,
              28.5648336
            ],
            [
              77.1867799,
              28.5646177
            ],
            [
              77.1864119,
              28.5647235
            ],
            [
              77.1865246,
              28.5649233
            ]
          ]
        ]
      }
    },
    {
      "type": "Feature",
      "properties": {
        "amenity": "hospital",
        "healthcare": "hospital",
        "name": "MCW Hauz Khas",
        "_osm_type": "way",
        "_osm_id": 1354255639,
        "_source": "OpenStreetMap contributors via Overpass API (https://overpass-api.de/api/interpreter)",
        "_fetched_at": "2026-07-07T07:27:58Z",
        "_status": "ok",
        "_note": "Overpass bbox query, 312 raw elements (310 node/way features kept). 2 relation(s) skipped (multipolygon reconstruction not implemented) -- see osm_ids [8800378, 20982995]."
      },
      "geometry": {
        "type": "Polygon",
        "coordinates": [
          [
            [
              77.2028922,
              28.5434864
            ],
            [
              77.202765,
              28.543299
            ],
            [
              77.2029915,
              28.5432141
            ],
            [
              77.2029537,
              28.5430916
            ],
            [
              77.2034354,
              28.5429845
            ],
            [
              77.2036592,
              28.5429739
            ],
            [
              77.2036581,
              28.5433162
            ],
            [
              77.2028922,
              28.5434864
            ]
          ]
        ]
      }
    },
    {
      "type": "Feature",
      "properties": {
        "addr:city": "New Delhi",
        "addr:housenumber": "A-2 Block",
        "addr:postcode": "110029",
        "addr:street": "Chaudhary Jhandu Singh Marg",
        "amenity": "school",
        "grades": "0-12",
        "name": "Green Fields School",
        "website": "https://greenfieldsschool.in/",
        "_osm_type": "way",
        "_osm_id": 1358118834,
        "_source": "OpenStreetMap contributors via Overpass API (https://overpass-api.de/api/interpreter)",
        "_fetched_at": "2026-07-07T07:27:58Z",
        "_status": "ok",
        "_note": "Overpass bbox query, 312 raw elements (310 node/way features kept). 2 relation(s) skipped (multipolygon reconstruction not implemented) -- see osm_ids [8800378, 20982995]."
      },
      "geometry": {
        "type": "Polygon",
        "coordinates": [
          [
            [
              77.1938339,
              28.5660597
            ],
            [
              77.1939414,
              28.5671273
            ],
            [
              77.1942625,
              28.5672283
            ],
            [
              77.1943959,
              28.5672199
            ],
            [
              77.1943213,
              28.5668488
            ],
            [
              77.1946072,
              28.5668098
            ],
            [
              77.19445,
              28.5659936
            ],
            [
              77.1938339,
              28.5660597
            ]
          ]
        ]
      }
    },
    {
      "type": "Feature",
      "properties": {
        "amenity": "clinic",
        "building": "yes",
        "healthcare": "clinic",
        "healthcare:speciality": "general",
        "name": "Mohalla Clinic",
        "operator": "Govt. of Delhi",
        "operator:type": "government",
        "_osm_type": "way",
        "_osm_id": 1360343076,
        "_source": "OpenStreetMap contributors via Overpass API (https://overpass-api.de/api/interpreter)",
        "_fetched_at": "2026-07-07T07:27:58Z",
        "_status": "ok",
        "_note": "Overpass bbox query, 312 raw elements (310 node/way features kept). 2 relation(s) skipped (multipolygon reconstruction not implemented) -- see osm_ids [8800378, 20982995]."
      },
      "geometry": {
        "type": "Polygon",
        "coordinates": [
          [
            [
              77.1889343,
              28.5655203
            ],
            [
              77.1888606,
              28.5655283
            ],
            [
              77.1888476,
              28.5654365
            ],
            [
              77.1889213,
              28.5654284
            ],
            [
              77.1889343,
              28.5655203
            ]
          ]
        ]
      }
    },
    {
      "type": "Feature",
      "properties": {
        "amenity": "kindergarten",
        "_osm_type": "way",
        "_osm_id": 1363976201,
        "_source": "OpenStreetMap contributors via Overpass API (https://overpass-api.de/api/interpreter)",
        "_fetched_at": "2026-07-07T07:27:58Z",
        "_status": "ok",
        "_note": "Overpass bbox query, 312 raw elements (310 node/way features kept). 2 relation(s) skipped (multipolygon reconstruction not implemented) -- see osm_ids [8800378, 20982995]."
      },
      "geometry": {
        "type": "Polygon",
        "coordinates": [
          [
            [
              77.1872035,
              28.5627403
            ],
            [
              77.1871573,
              28.5621301
            ],
            [
              77.1875428,
              28.5621983
            ],
            [
              77.1875939,
              28.5626097
            ],
            [
              77.1872035,
              28.5627403
            ]
          ]
        ]
      }
    },
    {
      "type": "Feature",
      "properties": {
        "addr:country": "IN",
        "addr:postcode": "110049",
        "addr:state": "DL",
        "addr:street": "Siri Fort Road",
        "amenity": "university",
        "email": "gargicollege@gargi.du.ac.in;gargistudent@gargi.du.ac.in",
        "isced:level": "6;7",
        "mobile": "+91 11 2649 7697",
        "name": "Gargi College",
        "name:en": "Gargi College",
        "name:etymology:wikidata": "Q2731767",
        "name:hi": "\u0917\u093e\u0930\u094d\u0917\u0940 \u0915\u0949\u0932\u0947\u091c",
        "nohousenumber": "yes",
        "operator": "University of Delhi",
        "operator:type": "public",
        "school:gender": "female",
        "website": "https://gargicollege.in/",
        "wheelchair": "designated",
        "wikidata": "Q5523187",
        "wikipedia": "en:Gargi College",
        "_osm_type": "way",
        "_osm_id": 1381300783,
        "_source": "OpenStreetMap contributors via Overpass API (https://overpass-api.de/api/interpreter)",
        "_fetched_at": "2026-07-07T07:27:58Z",
        "_status": "ok",
        "_note": "Overpass bbox query, 312 raw elements (310 node/way features kept). 2 relation(s) skipped (multipolygon reconstruction not implemented) -- see osm_ids [8800378, 20982995]."
      },
      "geometry": {
        "type": "Polygon",
        "coordinates": [
          [
            [
              77.2164054,
              28.5547929
            ],
            [
              77.2163464,
              28.5540064
            ],
            [
              77.2165042,
              28.5540433
            ],
            [
              77.2166754,
              28.5540807
            ],
            [
              77.216848,
              28.5541299
            ],
            [
              77.2169977,
              28.5541642
            ],
            [
              77.2176691,
              28.5543214
            ],
            [
              77.2180341,
              28.5544056
            ],
            [
              77.2197652,
              28.554805
            ],
            [
              77.2201751,
              28.555072
            ],
            [
              77.2201834,
              28.5552573
            ],
            [
              77.2188999,
              28.5553013
            ],
            [
              77.2184775,
              28.5554094
            ],
            [
              77.2179371,
              28.5555476
            ],
            [
              77.217646,
              28.5556959
            ],
            [
              77.2166051,
              28.5549383
            ],
            [
              77.2164054,
              28.5547929
            ]
          ]
        ]
      }
    },
    {
      "type": "Feature",
      "properties": {
        "addr:country": "IN",
        "addr:postcode": "110049",
        "addr:state": "DL",
        "addr:street": "August Kranti Marg",
        "amenity": "college",
        "email": "office@knc.du.ac.in",
        "fax": "+91 11 2649 5964",
        "isced:level": "6;7",
        "mobile": "+91 11 2649 4881",
        "name": "Kamala Nehru College",
        "name:etymology:wikidata": "Q3633365",
        "nohousenumber": "yes",
        "operator": "University of Delhi",
        "operator:type": "public",
        "school:gender": "female",
        "website": "https://www.knc.du.ac.in",
        "wheelchair": "designated",
        "wikidata": "Q18126523",
        "wikipedia": "en:Kamala Nehru College",
        "_osm_type": "way",
        "_osm_id": 1381304756,
        "_source": "OpenStreetMap contributors via Overpass API (https://overpass-api.de/api/interpreter)",
        "_fetched_at": "2026-07-07T07:27:58Z",
        "_status": "ok",
        "_note": "Overpass bbox query, 312 raw elements (310 node/way features kept). 2 relation(s) skipped (multipolygon reconstruction not implemented) -- see osm_ids [8800378, 20982995]."
      },
      "geometry": {
        "type": "Polygon",
        "coordinates": [
          [
            [
              77.217646,
              28.5556959
            ],
            [
              77.2164054,
              28.5547929
            ],
            [
              77.2157222,
              28.5547332
            ],
            [
              77.2156434,
              28.5550782
            ],
            [
              77.2151781,
              28.5556598
            ],
            [
              77.2153289,
              28.5557654
            ],
            [
              77.2158749,
              28.5562087
            ],
            [
              77.2165301,
              28.5566956
            ],
            [
              77.217646,
              28.5556959
            ]
          ]
        ]
      }
    },
    {
      "type": "Feature",
      "properties": {
        "amenity": "shelter",
        "shelter_type": "gazebo",
        "_osm_type": "way",
        "_osm_id": 1385057847,
        "_source": "OpenStreetMap contributors via Overpass API (https://overpass-api.de/api/interpreter)",
        "_fetched_at": "2026-07-07T07:27:58Z",
        "_status": "ok",
        "_note": "Overpass bbox query, 312 raw elements (310 node/way features kept). 2 relation(s) skipped (multipolygon reconstruction not implemented) -- see osm_ids [8800378, 20982995]."
      },
      "geometry": {
        "type": "Polygon",
        "coordinates": [
          [
            [
              77.2009556,
              28.5276431
            ],
            [
              77.2009472,
              28.5276593
            ],
            [
              77.2009526,
              28.5276764
            ],
            [
              77.2009693,
              28.5276864
            ],
            [
              77.20098,
              28.5276871
            ],
            [
              77.2009895,
              28.5276847
            ],
            [
              77.2010036,
              28.527672
            ],
            [
              77.201006,
              28.527665
            ],
            [
              77.2010052,
              28.5276543
            ],
            [
              77.2009934,
              28.5276398
            ],
            [
              77.2009738,
              28.5276354
            ],
            [
              77.2009556,
              28.5276431
            ]
          ]
        ]
      }
    },
    {
      "type": "Feature",
      "properties": {
        "amenity": "community_centre",
        "community_centre": "cultural_centre",
        "noname": "yes",
        "_osm_type": "way",
        "_osm_id": 1385301015,
        "_source": "OpenStreetMap contributors via Overpass API (https://overpass-api.de/api/interpreter)",
        "_fetched_at": "2026-07-07T07:27:58Z",
        "_status": "ok",
        "_note": "Overpass bbox query, 312 raw elements (310 node/way features kept). 2 relation(s) skipped (multipolygon reconstruction not implemented) -- see osm_ids [8800378, 20982995]."
      },
      "geometry": {
        "type": "Polygon",
        "coordinates": [
          [
            [
              77.2163475,
              28.5288719
            ],
            [
              77.2163811,
              28.5289118
            ],
            [
              77.2164169,
              28.528922
            ],
            [
              77.2162867,
              28.5293554
            ],
            [
              77.2161911,
              28.5293352
            ],
            [
              77.2157132,
              28.5292911
            ],
            [
              77.2155244,
              28.5292513
            ],
            [
              77.2156861,
              28.5287132
            ],
            [
              77.2163475,
              28.5288719
            ]
          ]
        ]
      }
    },
    {
      "type": "Feature",
      "properties": {
        "amenity": "college",
        "email": "biocoordinator@admin.iitd.ac.in",
        "isced:level": "6;7",
        "mobile": "+91 11 2654 9990",
        "name": "Kusuma School of Biological Sciences",
        "operator": "Indian Institute of Technology Delhi",
        "operator:type": "public",
        "school:gender": "mixed",
        "website": "https://bioschool.iitd.ac.in",
        "_osm_type": "way",
        "_osm_id": 1385730775,
        "_source": "OpenStreetMap contributors via Overpass API (https://overpass-api.de/api/interpreter)",
        "_fetched_at": "2026-07-07T07:27:58Z",
        "_status": "ok",
        "_note": "Overpass bbox query, 312 raw elements (310 node/way features kept). 2 relation(s) skipped (multipolygon reconstruction not implemented) -- see osm_ids [8800378, 20982995]."
      },
      "geometry": {
        "type": "Polygon",
        "coordinates": [
          [
            [
              77.1940906,
              28.5454181
            ],
            [
              77.1942903,
              28.5454853
            ],
            [
              77.194198,
              28.5456968
            ],
            [
              77.1939984,
              28.5456296
            ],
            [
              77.1940906,
              28.5454181
            ]
          ]
        ]
      }
    },
    {
      "type": "Feature",
      "properties": {
        "amenity": "shelter",
        "shelter_type": "gazebo",
        "_osm_type": "way",
        "_osm_id": 1388932889,
        "_source": "OpenStreetMap contributors via Overpass API (https://overpass-api.de/api/interpreter)",
        "_fetched_at": "2026-07-07T07:27:58Z",
        "_status": "ok",
        "_note": "Overpass bbox query, 312 raw elements (310 node/way features kept). 2 relation(s) skipped (multipolygon reconstruction not implemented) -- see osm_ids [8800378, 20982995]."
      },
      "geometry": {
        "type": "Polygon",
        "coordinates": [
          [
            [
              77.2017992,
              28.5377258
            ],
            [
              77.2018062,
              28.5377763
            ],
            [
              77.2018521,
              28.5377412
            ],
            [
              77.2017992,
              28.5377258
            ]
          ]
        ]
      }
    },
    {
      "type": "Feature",
      "properties": {
        "power": "substation",
        "_osm_type": "way",
        "_osm_id": 1388932902,
        "_source": "OpenStreetMap contributors via Overpass API (https://overpass-api.de/api/interpreter)",
        "_fetched_at": "2026-07-07T07:27:58Z",
        "_status": "ok",
        "_note": "Overpass bbox query, 312 raw elements (310 node/way features kept). 2 relation(s) skipped (multipolygon reconstruction not implemented) -- see osm_ids [8800378, 20982995]."
      },
      "geometry": {
        "type": "Polygon",
        "coordinates": [
          [
            [
              77.2016718,
              28.536431
            ],
            [
              77.2017018,
              28.5365267
            ],
            [
              77.2016188,
              28.5365468
            ],
            [
              77.2015887,
              28.5364511
            ],
            [
              77.2016718,
              28.536431
            ]
          ]
        ]
      }
    },
    {
      "type": "Feature",
      "properties": {
        "amenity": "community_centre",
        "community_centre": "community_hall",
        "name": "Sarvodaya Community Centre",
        "_osm_type": "way",
        "_osm_id": 1388933533,
        "_source": "OpenStreetMap contributors via Overpass API (https://overpass-api.de/api/interpreter)",
        "_fetched_at": "2026-07-07T07:27:58Z",
        "_status": "ok",
        "_note": "Overpass bbox query, 312 raw elements (310 node/way features kept). 2 relation(s) skipped (multipolygon reconstruction not implemented) -- see osm_ids [8800378, 20982995]."
      },
      "geometry": {
        "type": "Polygon",
        "coordinates": [
          [
            [
              77.2004783,
              28.5372622
            ],
            [
              77.200507,
              28.537382
            ],
            [
              77.2001644,
              28.5374452
            ],
            [
              77.2001358,
              28.5373254
            ],
            [
              77.2004783,
              28.5372622
            ]
          ]
        ]
      }
    },
    {
      "type": "Feature",
      "properties": {
        "amenity": "school",
        "_osm_type": "way",
        "_osm_id": 1393440756,
        "_source": "OpenStreetMap contributors via Overpass API (https://overpass-api.de/api/interpreter)",
        "_fetched_at": "2026-07-07T07:27:58Z",
        "_status": "ok",
        "_note": "Overpass bbox query, 312 raw elements (310 node/way features kept). 2 relation(s) skipped (multipolygon reconstruction not implemented) -- see osm_ids [8800378, 20982995]."
      },
      "geometry": {
        "type": "Polygon",
        "coordinates": [
          [
            [
              77.2076031,
              28.5575686
            ],
            [
              77.2073738,
              28.5568296
            ],
            [
              77.2084775,
              28.5565653
            ],
            [
              77.2087069,
              28.5573044
            ],
            [
              77.2076031,
              28.5575686
            ]
          ]
        ]
      }
    },
    {
      "type": "Feature",
      "properties": {
        "amenity": "community_centre",
        "building": "yes",
        "community_centre": "cultural_centre",
        "name": "Sri Kanchi Kamakoti Peetam Cultural Centre",
        "website": "https://www.kamakoti.org/",
        "_osm_type": "way",
        "_osm_id": 1396040623,
        "_source": "OpenStreetMap contributors via Overpass API (https://overpass-api.de/api/interpreter)",
        "_fetched_at": "2026-07-07T07:27:58Z",
        "_status": "ok",
        "_note": "Overpass bbox query, 312 raw elements (310 node/way features kept). 2 relation(s) skipped (multipolygon reconstruction not implemented) -- see osm_ids [8800378, 20982995]."
      },
      "geometry": {
        "type": "Polygon",
        "coordinates": [
          [
            [
              77.1853896,
              28.5634677
            ],
            [
              77.1854086,
              28.563465
            ],
            [
              77.1854111,
              28.563478
            ],
            [
              77.1854235,
              28.5634762
            ],
            [
              77.1854278,
              28.5634991
            ],
            [
              77.1854529,
              28.5634955
            ],
            [
              77.1854568,
              28.5635166
            ],
            [
              77.1856212,
              28.5634931
            ],
            [
              77.1856086,
              28.5634249
            ],
            [
              77.1857667,
              28.5634024
            ],
            [
              77.18574,
              28.563258
            ],
            [
              77.1856943,
              28.5632645
            ],
            [
              77.1856858,
              28.563219
            ],
            [
              77.1855838,
              28.5632335
            ],
            [
              77.1855812,
              28.5632197
            ],
            [
              77.1854958,
              28.5632319
            ],
            [
              77.1855009,
              28.5632595
            ],
            [
              77.1854173,
              28.5632715
            ],
            [
              77.1854226,
              28.5633003
            ],
            [
              77.1853602,
              28.5633092
            ],
            [
              77.1853896,
              28.5634677
            ]
          ]
        ]
      }
    },
    {
      "type": "Feature",
      "properties": {
        "amenity": "crematorium",
        "name": "Green Park Crematorium",
        "_osm_type": "way",
        "_osm_id": 1409692386,
        "_source": "OpenStreetMap contributors via Overpass API (https://overpass-api.de/api/interpreter)",
        "_fetched_at": "2026-07-07T07:27:58Z",
        "_status": "ok",
        "_note": "Overpass bbox query, 312 raw elements (310 node/way features kept). 2 relation(s) skipped (multipolygon reconstruction not implemented) -- see osm_ids [8800378, 20982995]."
      },
      "geometry": {
        "type": "Polygon",
        "coordinates": [
          [
            [
              77.2028083,
              28.5634787
            ],
            [
              77.2031521,
              28.5639917
            ],
            [
              77.2033995,
              28.5639397
            ],
            [
              77.2039791,
              28.5639332
            ],
            [
              77.2046179,
              28.5637696
            ],
            [
              77.2043664,
              28.5632916
            ],
            [
              77.2040887,
              28.5631456
            ],
            [
              77.2037487,
              28.5629405
            ],
            [
              77.2028083,
              28.5634787
            ]
          ]
        ]
      }
    },
    {
      "type": "Feature",
      "properties": {
        "amenity": "school",
        "name": "Ambience Public School",
        "_osm_type": "way",
        "_osm_id": 1409692387,
        "_source": "OpenStreetMap contributors via Overpass API (https://overpass-api.de/api/interpreter)",
        "_fetched_at": "2026-07-07T07:27:58Z",
        "_status": "ok",
        "_note": "Overpass bbox query, 312 raw elements (310 node/way features kept). 2 relation(s) skipped (multipolygon reconstruction not implemented) -- see osm_ids [8800378, 20982995]."
      },
      "geometry": {
        "type": "Polygon",
        "coordinates": [
          [
            [
              77.1973103,
              28.5659939
            ],
            [
              77.1974127,
              28.5665217
            ],
            [
              77.1982677,
              28.5665885
            ],
            [
              77.1983198,
              28.5662495
            ],
            [
              77.1983054,
              28.5658537
            ],
            [
              77.1973103,
              28.5659939
            ]
          ]
        ]
      }
    },
    {
      "type": "Feature",
      "properties": {
        "alt_name": "Atria Institute Technology",
        "amenity": "university",
        "name": "Atria University",
        "_osm_type": "way",
        "_osm_id": 1413250087,
        "_source": "OpenStreetMap contributors via Overpass API (https://overpass-api.de/api/interpreter)",
        "_fetched_at": "2026-07-07T07:27:58Z",
        "_status": "ok",
        "_note": "Overpass bbox query, 312 raw elements (310 node/way features kept). 2 relation(s) skipped (multipolygon reconstruction not implemented) -- see osm_ids [8800378, 20982995]."
      },
      "geometry": {
        "type": "Polygon",
        "coordinates": [
          [
            [
              77.2105128,
              28.5670033
            ],
            [
              77.2113362,
              28.5670728
            ],
            [
              77.2113483,
              28.5671528
            ],
            [
              77.2115152,
              28.5671793
            ],
            [
              77.2119422,
              28.567247
            ],
            [
              77.2119182,
              28.5677653
            ],
            [
              77.2117801,
              28.5677688
            ],
            [
              77.2104457,
              28.5678466
            ],
            [
              77.2104564,
              28.5680126
            ],
            [
              77.2102003,
              28.5681375
            ],
            [
              77.210093,
              28.5685132
            ],
            [
              77.2099012,
              28.5684979
            ],
            [
              77.2097383,
              28.568748
            ],
            [
              77.2095082,
              28.5685665
            ],
            [
              77.2093519,
              28.5684169
            ],
            [
              77.2091921,
              28.5681462
            ],
            [
              77.2094036,
              28.5681115
            ],
            [
              77.2093708,
              28.5679861
            ],
            [
              77.2094044,
              28.5679834
            ],
            [
              77.2093923,
              28.5679243
            ],
            [
              77.2096992,
              28.5678817
            ],
            [
              77.2096706,
              28.5676288
            ],
            [
              77.2093507,
              28.567676
            ],
            [
              77.2093117,
              28.5674296
            ],
            [
              77.2093527,
              28.5674225
            ],
            [
              77.2093445,
              28.5673755
            ],
            [
              77.2093032,
              28.5671399
            ],
            [
              77.2092937,
              28.5670857
            ],
            [
              77.2098731,
              28.5669773
            ],
            [
              77.2105128,
              28.5670033
            ]
          ]
        ]
      }
    },
    {
      "type": "Feature",
      "properties": {
        "amenity": "shelter",
        "bench": "yes",
        "building": "yes",
        "_osm_type": "way",
        "_osm_id": 1414943636,
        "_source": "OpenStreetMap contributors via Overpass API (https://overpass-api.de/api/interpreter)",
        "_fetched_at": "2026-07-07T07:27:58Z",
        "_status": "ok",
        "_note": "Overpass bbox query, 312 raw elements (310 node/way features kept). 2 relation(s) skipped (multipolygon reconstruction not implemented) -- see osm_ids [8800378, 20982995]."
      },
      "geometry": {
        "type": "Polygon",
        "coordinates": [
          [
            [
              77.1883986,
              28.5643656
            ],
            [
              77.1883892,
              28.5643671
            ],
            [
              77.1883808,
              28.564371
            ],
            [
              77.1883742,
              28.5643771
            ],
            [
              77.1883702,
              28.5643847
            ],
            [
              77.1883691,
              28.5643931
            ],
            [
              77.188371,
              28.5644013
            ],
            [
              77.1883753,
              28.564409
            ],
            [
              77.1883829,
              28.5644148
            ],
            [
              77.1883916,
              28.5644181
            ],
            [
              77.1884011,
              28.5644189
            ],
            [
              77.1884101,
              28.5644171
            ],
            [
              77.1884181,
              28.564413
            ],
            [
              77.1884242,
              28.5644069
            ],
            [
              77.188428,
              28.5643995
            ],
            [
              77.188429,
              28.5643915
            ],
            [
              77.1884272,
              28.5643835
            ],
            [
              77.1884228,
              28.5643765
            ],
            [
              77.1884165,
              28.5643705
            ],
            [
              77.1884077,
              28.5643667
            ],
            [
              77.1883986,
              28.5643656
            ]
          ]
        ]
      }
    },
    {
      "type": "Feature",
      "properties": {
        "amenity": "shelter",
        "bench": "yes",
        "building": "yes",
        "_osm_type": "way",
        "_osm_id": 1414943637,
        "_source": "OpenStreetMap contributors via Overpass API (https://overpass-api.de/api/interpreter)",
        "_fetched_at": "2026-07-07T07:27:58Z",
        "_status": "ok",
        "_note": "Overpass bbox query, 312 raw elements (310 node/way features kept). 2 relation(s) skipped (multipolygon reconstruction not implemented) -- see osm_ids [8800378, 20982995]."
      },
      "geometry": {
        "type": "Polygon",
        "coordinates": [
          [
            [
              77.1883692,
              28.5642396
            ],
            [
              77.1883598,
              28.5642411
            ],
            [
              77.1883514,
              28.5642451
            ],
            [
              77.1883448,
              28.5642512
            ],
            [
              77.1883408,
              28.5642588
            ],
            [
              77.1883397,
              28.5642671
            ],
            [
              77.1883416,
              28.5642753
            ],
            [
              77.1883459,
              28.564283
            ],
            [
              77.1883535,
              28.5642888
            ],
            [
              77.1883622,
              28.5642921
            ],
            [
              77.1883717,
              28.5642929
            ],
            [
              77.1883807,
              28.5642911
            ],
            [
              77.1883887,
              28.564287
            ],
            [
              77.1883948,
              28.564281
            ],
            [
              77.1883986,
              28.5642736
            ],
            [
              77.1883996,
              28.5642655
            ],
            [
              77.1883978,
              28.5642576
            ],
            [
              77.1883934,
              28.5642505
            ],
            [
              77.1883871,
              28.5642445
            ],
            [
              77.1883783,
              28.5642407
            ],
            [
              77.1883692,
              28.5642396
            ]
          ]
        ]
      }
    },
    {
      "type": "Feature",
      "properties": {
        "amenity": "shelter",
        "bench": "yes",
        "building": "yes",
        "_osm_type": "way",
        "_osm_id": 1414952263,
        "_source": "OpenStreetMap contributors via Overpass API (https://overpass-api.de/api/interpreter)",
        "_fetched_at": "2026-07-07T07:27:58Z",
        "_status": "ok",
        "_note": "Overpass bbox query, 312 raw elements (310 node/way features kept). 2 relation(s) skipped (multipolygon reconstruction not implemented) -- see osm_ids [8800378, 20982995]."
      },
      "geometry": {
        "type": "Polygon",
        "coordinates": [
          [
            [
              77.188897,
              28.5662293
            ],
            [
              77.1888876,
              28.5662308
            ],
            [
              77.1888792,
              28.5662347
            ],
            [
              77.1888726,
              28.5662408
            ],
            [
              77.1888686,
              28.5662484
            ],
            [
              77.1888675,
              28.5662568
            ],
            [
              77.1888694,
              28.566265
            ],
            [
              77.1888737,
              28.5662727
            ],
            [
              77.1888813,
              28.5662785
            ],
            [
              77.18889,
              28.5662818
            ],
            [
              77.1888995,
              28.5662826
            ],
            [
              77.1889085,
              28.5662808
            ],
            [
              77.1889165,
              28.5662767
            ],
            [
              77.1889226,
              28.5662706
            ],
            [
              77.1889264,
              28.5662632
            ],
            [
              77.1889274,
              28.5662552
            ],
            [
              77.1889256,
              28.5662472
            ],
            [
              77.1889212,
              28.5662402
            ],
            [
              77.1889149,
              28.5662342
            ],
            [
              77.1889061,
              28.5662304
            ],
            [
              77.188897,
              28.5662293
            ]
          ]
        ]
      }
    },
    {
      "type": "Feature",
      "properties": {
        "amenity": "shelter",
        "bench": "yes",
        "building": "yes",
        "_osm_type": "way",
        "_osm_id": 1414952264,
        "_source": "OpenStreetMap contributors via Overpass API (https://overpass-api.de/api/interpreter)",
        "_fetched_at": "2026-07-07T07:27:58Z",
        "_status": "ok",
        "_note": "Overpass bbox query, 312 raw elements (310 node/way features kept). 2 relation(s) skipped (multipolygon reconstruction not implemented) -- see osm_ids [8800378, 20982995]."
      },
      "geometry": {
        "type": "Polygon",
        "coordinates": [
          [
            [
              77.1886597,
              28.5653546
            ],
            [
              77.1886503,
              28.5653561
            ],
            [
              77.1886419,
              28.56536
            ],
            [
              77.1886353,
              28.5653661
            ],
            [
              77.1886313,
              28.5653737
            ],
            [
              77.1886302,
              28.5653821
            ],
            [
              77.1886321,
              28.5653903
            ],
            [
              77.1886364,
              28.565398
            ],
            [
              77.188644,
              28.5654038
            ],
            [
              77.1886527,
              28.5654071
            ],
            [
              77.1886622,
              28.5654079
            ],
            [
              77.1886712,
              28.5654061
            ],
            [
              77.1886792,
              28.565402
            ],
            [
              77.1886853,
              28.5653959
            ],
            [
              77.1886891,
              28.5653885
            ],
            [
              77.1886901,
              28.5653805
            ],
            [
              77.1886883,
              28.5653725
            ],
            [
              77.1886839,
              28.5653655
            ],
            [
              77.1886776,
              28.5653595
            ],
            [
              77.1886688,
              28.5653557
            ],
            [
              77.1886597,
              28.5653546
            ]
          ]
        ]
      }
    },
    {
      "type": "Feature",
      "properties": {
        "amenity": "school",
        "name": "MCD Primary Co-Educational School",
        "operator:type": "public",
        "_osm_type": "way",
        "_osm_id": 1426586696,
        "_source": "OpenStreetMap contributors via Overpass API (https://overpass-api.de/api/interpreter)",
        "_fetched_at": "2026-07-07T07:27:58Z",
        "_status": "ok",
        "_note": "Overpass bbox query, 312 raw elements (310 node/way features kept). 2 relation(s) skipped (multipolygon reconstruction not implemented) -- see osm_ids [8800378, 20982995]."
      },
      "geometry": {
        "type": "Polygon",
        "coordinates": [
          [
            [
              77.2137389,
              28.5467254
            ],
            [
              77.2139934,
              28.5465604
            ],
            [
              77.2140077,
              28.5465803
            ],
            [
              77.2143471,
              28.5470543
            ],
            [
              77.2140641,
              28.5471952
            ],
            [
              77.2137389,
              28.5467254
            ]
          ]
        ]
      }
    },
    {
      "type": "Feature",
      "properties": {
        "amenity": "shelter",
        "building": "roof",
        "shelter_type": "gazebo",
        "_osm_type": "way",
        "_osm_id": 1426586700,
        "_source": "OpenStreetMap contributors via Overpass API (https://overpass-api.de/api/interpreter)",
        "_fetched_at": "2026-07-07T07:27:58Z",
        "_status": "ok",
        "_note": "Overpass bbox query, 312 raw elements (310 node/way features kept). 2 relation(s) skipped (multipolygon reconstruction not implemented) -- see osm_ids [8800378, 20982995]."
      },
      "geometry": {
        "type": "Polygon",
        "coordinates": [
          [
            [
              77.2157065,
              28.5458801
            ],
            [
              77.2157076,
              28.5458504
            ],
            [
              77.2157414,
              28.5458393
            ],
            [
              77.2157644,
              28.5458549
            ],
            [
              77.2157641,
              28.5458827
            ],
            [
              77.2157458,
              28.5458914
            ],
            [
              77.2157326,
              28.5458977
            ],
            [
              77.2157065,
              28.5458801
            ]
          ]
        ]
      }
    },
    {
      "type": "Feature",
      "properties": {
        "amenity": "clinic",
        "healthcare": "clinic",
        "level": "0",
        "name": "Aam Aadmi Mohalla Clinic",
        "_osm_type": "way",
        "_osm_id": 1426586709,
        "_source": "OpenStreetMap contributors via Overpass API (https://overpass-api.de/api/interpreter)",
        "_fetched_at": "2026-07-07T07:27:58Z",
        "_status": "ok",
        "_note": "Overpass bbox query, 312 raw elements (310 node/way features kept). 2 relation(s) skipped (multipolygon reconstruction not implemented) -- see osm_ids [8800378, 20982995]."
      },
      "geometry": {
        "type": "Polygon",
        "coordinates": [
          [
            [
              77.2176813,
              28.5446244
            ],
            [
              77.2176533,
              28.5445
            ],
            [
              77.2177387,
              28.5444853
            ],
            [
              77.2178253,
              28.5444721
            ],
            [
              77.2178577,
              28.544595
            ],
            [
              77.2176813,
              28.5446244
            ]
          ]
        ]
      }
    },
    {
      "type": "Feature",
      "properties": {
        "amenity": "shelter",
        "building": "roof",
        "shelter_type": "gazebo",
        "_osm_type": "way",
        "_osm_id": 1426586712,
        "_source": "OpenStreetMap contributors via Overpass API (https://overpass-api.de/api/interpreter)",
        "_fetched_at": "2026-07-07T07:27:58Z",
        "_status": "ok",
        "_note": "Overpass bbox query, 312 raw elements (310 node/way features kept). 2 relation(s) skipped (multipolygon reconstruction not implemented) -- see osm_ids [8800378, 20982995]."
      },
      "geometry": {
        "type": "Polygon",
        "coordinates": [
          [
            [
              77.2166244,
              28.5475288
            ],
            [
              77.2166722,
              28.5475571
            ],
            [
              77.2166995,
              28.5475216
            ],
            [
              77.2166516,
              28.5474932
            ],
            [
              77.2166244,
              28.5475288
            ]
          ]
        ]
      }
    },
    {
      "type": "Feature",
      "properties": {
        "amenity": "school",
        "name": "Government Girls Senior Secondary School",
        "_osm_type": "way",
        "_osm_id": 1428441364,
        "_source": "OpenStreetMap contributors via Overpass API (https://overpass-api.de/api/interpreter)",
        "_fetched_at": "2026-07-07T07:27:58Z",
        "_status": "ok",
        "_note": "Overpass bbox query, 312 raw elements (310 node/way features kept). 2 relation(s) skipped (multipolygon reconstruction not implemented) -- see osm_ids [8800378, 20982995]."
      },
      "geometry": {
        "type": "Polygon",
        "coordinates": [
          [
            [
              77.213835,
              28.5497898
            ],
            [
              77.2142967,
              28.550484
            ],
            [
              77.2152254,
              28.5500074
            ],
            [
              77.2148447,
              28.5494352
            ],
            [
              77.214571,
              28.5495757
            ],
            [
              77.2144899,
              28.5494538
            ],
            [
              77.213835,
              28.5497898
            ]
          ]
        ]
      }
    },
    {
      "type": "Feature",
      "properties": {
        "location": "indoor",
        "operator": "BSES",
        "power": "substation",
        "ref": "26234",
        "_osm_type": "way",
        "_osm_id": 1429708858,
        "_source": "OpenStreetMap contributors via Overpass API (https://overpass-api.de/api/interpreter)",
        "_fetched_at": "2026-07-07T07:27:58Z",
        "_status": "ok",
        "_note": "Overpass bbox query, 312 raw elements (310 node/way features kept). 2 relation(s) skipped (multipolygon reconstruction not implemented) -- see osm_ids [8800378, 20982995]."
      },
      "geometry": {
        "type": "Polygon",
        "coordinates": [
          [
            [
              77.2165792,
              28.5476449
            ],
            [
              77.2164575,
              28.5478633
            ],
            [
              77.2164127,
              28.5477311
            ],
            [
              77.2164789,
              28.5476013
            ],
            [
              77.2165792,
              28.5476449
            ]
          ]
        ]
      }
    },
    {
      "type": "Feature",
      "properties": {
        "amenity": "school",
        "name": "Guru Harkrishan Public School",
        "_osm_type": "way",
        "_osm_id": 1511463019,
        "_source": "OpenStreetMap contributors via Overpass API (https://overpass-api.de/api/interpreter)",
        "_fetched_at": "2026-07-07T07:27:58Z",
        "_status": "ok",
        "_note": "Overpass bbox query, 312 raw elements (310 node/way features kept). 2 relation(s) skipped (multipolygon reconstruction not implemented) -- see osm_ids [8800378, 20982995]."
      },
      "geometry": {
        "type": "Polygon",
        "coordinates": [
          [
            [
              77.1974245,
              28.5625682
            ],
            [
              77.197206,
              28.5625877
            ],
            [
              77.1971889,
              28.5624398
            ],
            [
              77.1974074,
              28.5624203
            ],
            [
              77.1974245,
              28.5625682
            ]
          ]
        ]
      }
    }
  ],
  "_source": "OpenStreetMap contributors via Overpass API (https://overpass-api.de/api/interpreter)",
  "_fetched_at": "2026-07-07T07:27:58Z",
  "_status": "ok",
  "_note": "Overpass bbox query, 312 raw elements (310 node/way features kept). 2 relation(s) skipped (multipolygon reconstruction not implemented) -- see osm_ids [8800378, 20982995]."
}